Workbook

Sheet README
A1: Stage 4 hand check: five auctions, every intermediate value of M1, M1b and M2
A3: Blue cells: inputs from the build (cash flows, spline z(t), model yields, DMO yields, BoE curve points).
A4: Black cells: live formulas. Green cells: links to another sheet. Yellow: the results to check.
A5: Each sheet ends with the Python result next to the spreadsheet's own, so the two can be compared.
A6: Definitions: build spec §7 and src/gilt_study/measures.py. Event days k are UK business days (= BoE curve dates).
A7: M1 = 100·(AAY - model yield off the T-1 curve, for the auction settlement date).
A8: M1b = M1 - mean residual over T-25..T-6 (days within 5 business days of an earlier auction of the gilt excluded; ≥ 10 days).
A9: M2: AR = Δy - β·Δc with β = SLOPE over k = -120..-21; CAR = 0 at T-6.
A11: Slot | B11: Auction | C11: Gilt | D11: Bucket | E11: Regime | F11: New issue | G11: Sheets
A12: short | B12: 41492 | C12: 1¼% Treasury Gilt 2018 | D12: short | E12: QE | F12: =FALSE() -> FALSE | G12: A1 M1 / M1b / M2 / control
A13: medium | B13: 40472 | C13: 3¾% Treasury Gilt 2020 | D13: medium | E13: QE | F13: =FALSE() -> FALSE | G13: A2 M1 / M1b / M2 / control
A14: long | B14: 41191 | C14: 4¼% Treasury Stock 2032 | D14: long | E14: QE | F14: =FALSE() -> FALSE | G14: A3 M1 / M1b / M2 / control
A15: new issue | B15: 43174 | C15: 1 5/8% Treasury Gilt 2028 | D15: medium | E15: QE | F15: =TRUE() -> TRUE | G15: A4 M1 / M1b / M2 / control
A16: Sept-Oct 2022 | B16: 44838 | C16: 0½% Treasury Gilt 2061 | D16: long | E16: LDI stress | F16: =FALSE() -> FALSE | G16: A5 M1 / M1b / M2 / control

Sheet A1 M1
A1: A1: 1¼% Treasury Gilt 2018, auction 06 Aug 2013 - M1 (spec §7)
A3: Auction date | B3: 41492
A4: Settlement date (DMO issue date) | B4: 41493
A5: Effective settlement (first issue date if later, decision #10) | B5: 41493
A6: Curve date (T-1 close) | B6: 41491
A7: Coupon (% p.a.) | B7: 1.25
A8: Maturity | B8: 43303
A9: First issue date | B9: 41320
A10: First coupon date (source below) | B10: 41477
A11: First coupon source | B11: DMO reference prices (accrued interest)
A12: Accrued interest at settlement (cash_flows) | B12: 0.054347826
A13: Average accepted yield, AAY (% , D2.1A) | B13: 1.405044
A14: Curve: last maturity T (y) | B14: 25
A15: Curve: z(T) (%) | B15: 3.7172686
A16: Curve: BoE forward f(T) (%) | B16: 4.1173659
A19: Cash flow date | B19: Amount per £100 | C19: t = days/365.25 | D19: z(t) % (spline; flat fwd beyond T) | E19: DF = exp(-z/100·t) | F19: PV = amount·DF | G19: Exponent (semi-annual periods) | H19: v^exponent at model yield | I19: PV at model yield | J19: BoE point below | K19: z below | L19: BoE point above | M19: z above | N19: Linear interp. of z (check)
A20: 41661 | B20: 0.625 | C20: =(A20-$B$5)/365.25 -> 0.45995893 | D20: 0.3353086 | E20: =EXP(-D20/100*C20) -> 0.99845891 | F20: =B20*E20 -> 0.62403682 | G20: 0.91304348 | H20: =(1/(1+$B$34/200))^G20 -> 0.99383942 | I20: =B20*H20 -> 0.62114963
A21: 41842 | B21: 0.625 | C21: =(A21-$B$5)/365.25 -> 0.95550992 | D21: 0.29786161 | E21: =EXP(-D21/100*C21) -> 0.99715795 | F21: =B21*E21 -> 0.62322372 | G21: 1.9130435 | H21: =(1/(1+$B$34/200))^G21 -> 0.98713565 | I21: =B21*H21 -> 0.61695978 | J21: 0.916667 | K21: 0.30075417 | L21: 1 | M21: 0.29533166 | N21: =IF(L21=J21,K21,K21+(M21-K21)*(C21-J21)/(L21-J21)) -> 0.29822665
A22: 42026 | B22: 0.625 | C22: =(A22-$B$5)/365.25 -> 1.4592745 | D22: 0.31282562 | E22: =EXP(-D22/100*C22) -> 0.99544542 | F22: =B22*E22 -> 0.62215339 | G22: 2.9130435 | H22: =(1/(1+$B$34/200))^G22 -> 0.9804771 | I22: =B22*H22 -> 0.61279818 | J22: 1.416667 | K22: 0.30819265 | L22: 1.5 | M22: 0.31775449 | N22: =IF(L22=J22,K22,K22+(M22-K22)*(C22-J22)/(L22-J22)) -> 0.31308154
A23: 42207 | B23: 0.625 | C23: =(A23-$B$5)/365.25 -> 1.9548255 | D23: 0.40096972 | E23: =EXP(-D23/100*C23) -> 0.99219238 | F23: =B23*E23 -> 0.62012024 | G23: 3.9130435 | H23: =(1/(1+$B$34/200))^G23 -> 0.97386346 | I23: =B23*H23 -> 0.60866466 | J23: 1.916667 | K23: 0.39228148 | L23: 2 | M23: 0.41159178 | N23: =IF(L23=J23,K23,K23+(M23-K23)*(C23-J23)/(L23-J23)) -> 0.40112373
A24: 42391 | B24: 0.625 | C24: =(A24-$B$5)/365.25 -> 2.45859 | D24: 0.53601413 | E24: =EXP(-D24/100*C24) -> 0.98690806 | F24: =B24*E24 -> 0.61681754 | G24: 4.9130435 | H24: =(1/(1+$B$34/200))^G24 -> 0.96729444 | I24: =B24*H24 -> 0.60455902 | J24: 2.416667 | K24: 0.52361899 | L24: 2.5 | M24: 0.54841569 | N24: =IF(L24=J24,K24,K24+(M24-K24)*(C24-J24)/(L24-J24)) -> 0.53609366
A25: 42573 | B25: 0.625 | C25: =(A25-$B$5)/365.25 -> 2.9568789 | D25: 0.69324935 | E25: =EXP(-D25/100*C25) -> 0.97971012 | F25: =B25*E25 -> 0.61231883 | G25: 5.9130435 | H25: =(1/(1+$B$34/200))^G25 -> 0.96076972 | I25: =B25*H25 -> 0.60048108 | J25: 2.916667 | K25: 0.68004151 | L25: 3 | M25: 0.70748589 | N25: =IF(L25=J25,K25,K25+(M25-K25)*(C25-J25)/(L25-J25)) -> 0.69328463
A26: 42757 | B26: 0.625 | C26: =(A26-$B$5)/365.25 -> 3.4606434 | D26: 0.86288388 | E26: =EXP(-D26/100*C26) -> 0.97058011 | F26: =B26*E26 -> 0.60661257 | G26: 6.9130435 | H26: =(1/(1+$B$34/200))^G26 -> 0.95428902 | I26: =B26*H26 -> 0.59643064 | J26: 3.416667 | K26: 0.84786756 | L26: 3.5 | M26: 0.87634176 | N26: =IF(L26=J26,K26,K26+(M26-K26)*(C26-J26)/(L26-J26)) -> 0.86289393
A27: 42938 | B27: 0.625 | C27: =(A27-$B$5)/365.25 -> 3.9561944 | D27: 1.0328832 | E27: =EXP(-D27/100*C27) -> 0.95996076 | F27: =B27*E27 -> 0.59997548 | G27: 7.9130435 | H27: =(1/(1+$B$34/200))^G27 -> 0.94785203 | I27: =B27*H27 -> 0.59240752 | J27: 3.916667 | K27: 1.01932 | L27: 4 | M27: 1.0479058 | N27: =IF(L27=J27,K27,K27+(M27-K27)*(C27-J27)/(L27-J27)) -> 1.0328791
A28: 43122 | B28: 0.625 | C28: =(A28-$B$5)/365.25 -> 4.4599589 | D28: 1.2046441 | E28: =EXP(-D28/100*C28) -> 0.94769114 | F28: =B28*E28 -> 0.59230696 | G28: 8.9130435 | H28: =(1/(1+$B$34/200))^G28 -> 0.94145846 | I28: =B28*H28 -> 0.58841154 | J28: 4.416666 | K28: 1.1899954 | L28: 4.5 | M28: 1.2181686 | N28: =IF(L28=J28,K28,K28+(M28-K28)*(C28-J28)/(L28-J28)) -> 1.2046317
A29: 43303 | B29: 100.625 | C29: =(A29-$B$5)/365.25 -> 4.9555099 | D29: 1.3701536 | E29: =EXP(-D29/100*C29) -> 0.93435568 | F29: =B29*E29 -> 94.019541 | G29: 9.9130435 | H29: =(1/(1+$B$34/200))^G29 -> 0.93510802 | I29: =B29*H29 -> 94.095244 | J29: 4.916666 | K29: 1.3573414 | L29: 5 | M29: 1.3847908 | N29: =IF(L29=J29,K29,K29+(M29-K29)*(C29-J29)/(L29-J29)) -> 1.3701362
A31: Curve dirty price = SUM(PV) | B31: =SUM(F20:F29) -> 99.537106
A32: Accrued interest | B32: =B12 -> 0.054347826
A33: Curve clean price | B33: =B31-B32 -> 99.482758
A34: Model yield (% , brentq in Python) | B34: 1.3582265
A35: Price at the model yield = SUM(PV at model yield) | B35: =SUM(I20:I29) -> 99.537106
A36: Check: price at model yield - curve dirty (≈ 0) | B36: =B35-B31 -> 1.6058266e-12
A37: M1 (bp) = 100·(AAY - model yield) | B37: =100*(B13-B34) -> 4.6817467
A38: Python M1 (bp), for comparison | B38: 4.6817467

Sheet A1 M1b
A1: A1: 1¼% Treasury Gilt 2018, auction 06 Aug 2013 - M1b baseline, T-25 to T-6 (decision #4)
A3: k (business days) | B3: Date | C3: Market yield (%): DMO yield (from the DMO clean price before 25 Nov 2002) | D3: Model yield (%, curve of that day) | E3: Residual (bp) = 100·(DMO - model) | F3: Included (1/0) | G3: Excluded because
A4: -25 | B4: 41457 | C4: 1.385677 | D4: 1.3609569 | E4: =IF(F4=1,100*(C4-D4),"") -> 2.4720106 | F4: 1
A5: -24 | B5: 41458 | C5: 1.41675 | D5: 1.3900035 | E5: =IF(F5=1,100*(C5-D5),"") -> 2.6746524 | F5: 1
A6: -23 | B6: 41459 | C6: 1.36724 | D6: 1.3502032 | E6: =IF(F6=1,100*(C6-D6),"") -> 1.7036774 | F6: 1
A7: -22 | B7: 41460 | C7: 1.435774 | D7: 1.420539 | E7: =IF(F7=1,100*(C7-D7),"") -> 1.5234986 | F7: 1
A8: -21 | B8: 41463 | C8: 1.413053 | D8: 1.4004262 | E8: =IF(F8=1,100*(C8-D8),"") -> 1.2626838 | F8: 1
A9: -20 | B9: 41464 | C9: 1.346877 | D9: 1.3350853 | E9: =IF(F9=1,100*(C9-D9),"") -> 1.1791734 | F9: 1
A10: -19 | B10: 41465 | C10: 1.351066 | D10: 1.3321427 | E10: =IF(F10=1,100*(C10-D10),"") -> 1.8923307 | F10: 1
A11: -18 | B11: 41466 | C11: 1.324276 | D11: 1.3048275 | E11: =IF(F11=1,100*(C11-D11),"") -> 1.9448515 | F11: 1
A12: -17 | B12: 41467 | C12: 1.287164 | D12: 1.2611493 | E12: =IF(F12=1,100*(C12-D12),"") -> 2.6014697 | F12: 1
A13: -16 | B13: 41470 | C13: 1.301656 | D13: 1.2788298 | E13: =IF(F13=1,100*(C13-D13),"") -> 2.2826177 | F13: 1
A14: -15 | B14: 41471 | C14: 1.229384 | D14: 1.2067978 | E14: =IF(F14=1,100*(C14-D14),"") -> 2.2586229 | F14: 1
A15: -14 | B15: 41472 | C15: 1.214938 | D15: 1.2007914 | E15: =IF(F15=1,100*(C15-D15),"") -> 1.4146608 | F15: 1
... A23: -6 | B23: 41484 | C23: 1.235442 | D23: 1.225079 | E23: =IF(F23=1,100*(C23-D23),"") -> 1.036304 | F23: 1
A25: Valid days (need ≥ 10) | B25: =SUM(F4:F23) -> 20
A26: Baseline = mean residual (bp) | B26: =IF(B25>=10,AVERAGEIF(F4:F23,1,E4:E23),"n/a") -> 1.4811281
A27: M1 (bp), from the M1 sheet | B27: ='A1 M1'!B37 -> 4.6817467
A28: M1b (bp) = M1 - baseline | B28: =IF(B25>=10,B27-B26,"n/a") -> 3.2006186
A29: Python M1b (bp), for comparison | B29: 3.2006186
A30: Python note

Sheet A1 control
A1: A1: control maturities = BoE points 2-30y more than 3y from the gilt's 4.96y to maturity (35 points). Top: z (%); bottom: daily change (bp).
A3: k | B3: Date | C3: z 8y | D3: z 8.5y | E3: z 9y | F3: z 9.5y | G3: z 10y | H3: z 10.5y | I3: z 11y | J3: z 11.5y | K3: z 12y | L3: z 12.5y | M3: z 13y | N3: z 13.5y | O3: z 14y | P3: z 14.5y | Q3: z 15y | R3: z 15.5y | S3: z 16y | T3: z 16.5y | U3: z 17y | V3: z 17.5y | W3: z 18y | X3: z 18.5y | Y3: z 19y | Z3: z 19.5y | AA3: z 20y | AB3: z 20.5y | AC3: z 21y | AD3: z 21.5y | AE3: z 22y | AF3: z 22.5y | AG3: z 23y | AH3: z 23.5y | AI3: z 24y | AJ3: z 24.5y | AK3: z 25y
A4: -121 | B4: 41317 | C4: 1.816919 | D4: 1.9262479 | E4: 2.0298525 | F4: 2.1279497 | G4: 2.220838 | H4: 2.3088253 | I4: 2.392219 | J4: 2.4713267 | K4: 2.5464555 | L4: 2.6179117 | M4: 2.6859828 | N4: 2.7509185 | O4: 2.8129343 | P4: 2.8722178 | Q4: 2.928933 | R4: 2.9832226 | S4: 3.0352063 | T4: 3.0849819 | U4: 3.1326317 | V4: 3.1782258 | W4: 3.2218241 | X4: 3.2634779 | Y4: 3.3032345 | Z4: 3.3411386 | AA4: 3.3772333 | AB4: 3.4115615 | AC4: 3.4441667 | AD4: 3.475093 | AE4: 3.5043849 | AF4: 3.5320884 | AG4: 3.5582514 | AH4: 3.5829241 | AI4: 3.6061577 | AJ4: 3.6280028 | AK4: 3.6485094
A5: -120 | B5: 41318 | C5: 1.9193873 | D5: 2.0319083 | E5: 2.138128 | F5: 2.2382804 | G5: 2.332697 | H5: 2.4217223 | I5: 2.5057026 | J5: 2.5849851 | K5: 2.6599181 | L5: 2.7308497 | M5: 2.7981073 | N5: 2.8619766 | O5: 2.9227054 | P5: 2.9805105 | Q5: 3.0355825 | R5: 3.088089 | S5: 3.1381733 | T5: 3.1859565 | U5: 3.2315425 | V5: 3.2750219 | W5: 3.3164732 | X5: 3.3559654 | Y5: 3.3935616 | Z5: 3.4293211 | AA5: 3.4632996 | AB5: 3.4955519 | AC5: 3.5261319 | AD5: 3.5550931 | AE5: 3.5824885 | AF5: 3.6083715 | AG5: 3.6327966 | AH5: 3.6558193 | AI5: 3.6774948 | AJ5: 3.697877 | AK5: 3.717018
A6: -119 | B6: 41319 | C6: 1.9103472 | D6: 2.0251798 | E6: 2.1332739 | F6: 2.2348924 | G6: 2.3303987 | H6: 2.420169 | I6: 2.5045804 | J6: 2.584011 | K6: 2.6588392 | L6: 2.7294428 | M6: 2.7961774 | N6: 2.8593536 | O6: 2.9192418 | P6: 2.9760791 | Q6: 3.0300744 | R6: 3.0814122 | S6: 3.1302507 | T6: 3.1767235 | U6: 3.2209465 | V6: 3.2630206 | W6: 3.3030345 | X6: 3.3410665 | Y6: 3.3771891 | Z6: 3.4114704 | AA6: 3.4439752 | AB6: 3.4747666 | AC6: 3.5039065 | AD6: 3.5314556 | AE6: 3.557474 | AF6: 3.5820213 | AG6: 3.6051569 | AH6: 3.6269409 | AI6: 3.6474319 | AJ6: 3.6666863 | AK6: 3.684758
A7: -118 | B7: 41320 | C7: 1.90958 | D7: 2.023471 | E7: 2.130825 | F7: 2.2319053 | G7: 2.3270602 | H7: 2.4166457 | I7: 2.5010166 | J7: 2.5805266 | K7: 2.6555283 | L7: 2.7263728 | M7: 2.7933902 | N7: 2.8568703 | O7: 2.9170672 | P7: 2.9742053 | Q7: 3.0284841 | R7: 3.0800814 | S7: 3.1291529 | T7: 3.175834 | U7: 3.2202441 | V7: 3.2624892 | W7: 3.3026637 | X7: 3.3408527 | Y7: 3.3771346 | Z7: 3.4115828 | AA7: 3.4442667 | AB7: 3.4752527 | AC7: 3.504605 | AD7: 3.5323861 | AE7: 3.5586568 | AF7: 3.5834765 | AG7: 3.6069043 | AH7: 3.6289985 | AI7: 3.649816 | AJ7: 3.6694112 | AK7: 3.6878358
A8: -117 | B8: 41323 | C8: 1.9088967 | D8: 2.0228803 | E8: 2.1303971 | F8: 2.2317051 | G8: 2.3271475 | H8: 2.4170758 | I8: 2.5018408 | J8: 2.5817926 | K8: 2.6572811 | L8: 2.7286541 | M8: 2.7962386 | N8: 2.8603202 | O8: 2.9211481 | P8: 2.9789409 | Q8: 3.0338922 | R8: 3.0861732 | S8: 3.1359318 | T8: 3.183295 | U8: 3.2283736 | V8: 3.2712661 | W8: 3.3120596 | X8: 3.3508326 | Y8: 3.3876582 | Z8: 3.4226055 | AA8: 3.4557411 | AB8: 3.4871295 | AC8: 3.5168338 | AD8: 3.5449163 | AE8: 3.5714378 | AF8: 3.5964592 | AG8: 3.6200409 | AH8: 3.6422435 | AI8: 3.6631264 | AJ8: 3.6827467 | AK8: 3.7011592
A9: -116 | B9: 41324 | C9: 1.9012873 | D9: 2.0157201 | E9: 2.1235097 | F9: 2.2249475 | G9: 2.3204138 | H9: 2.4102923 | I9: 2.4949612 | J9: 2.574795 | K9: 2.6501648 | L9: 2.7214376 | M9: 2.7889551 | N9: 2.8530129 | O9: 2.9138651 | P9: 2.9717316 | Q9: 3.0268042 | R9: 3.0792497 | S9: 3.1292102 | T9: 3.1768061 | U9: 3.2221419 | V9: 3.2653091 | W9: 3.3063884 | X9: 3.345452 | Y9: 3.3825672 | Z9: 3.4177991 | AA9: 3.4512103 | AB9: 3.4828626 | AC9: 3.5128173 | AD9: 3.5411349 | AE9: 3.5678758 | AF9: 3.5931002 | AG9: 3.6168687 | AH9: 3.6392423 | AI9: 3.6602812 | AJ9: 3.6800432 | AK9: 3.6985841
A10: -115 | B10: 41325 | C10: 1.9145634 | D10: 2.032688 | E10: 2.1434495 | F10: 2.2471697 | G10: 2.3442797 | H10: 2.4352207 | I10: 2.5204334 | J10: 2.6003581 | K10: 2.6754346 | L10: 2.7461006 | M10: 2.812766 | N10: 2.8757876 | O10: 2.935475 | P10: 2.9920987 | Q10: 3.0458965 | R10: 3.0970776 | S10: 3.1458212 | T10: 3.1922792 | U10: 3.2365819 | V10: 3.2788412 | W10: 3.3191539 | X10: 3.3576033 | Y10: 3.3942638 | Z10: 3.4292026 | AA10: 3.4624809 | AB10: 3.4941557 | AC10: 3.5242812 | AD10: 3.5529089 | AE10: 3.5800877 | AF10: 3.6058655 | AG10: 3.6302897 | AH10: 3.6534076 | AI10: 3.6752655 | AJ10: 3.6959082 | AK10: 3.7153791
A11: -114 | B11: 41326 | C11: 1.8264683 | D11: 1.9439269 | E11: 2.0543252 | F11: 2.1579186 | G11: 2.2550757 | H11: 2.3461857 | I11: 2.4316471 | J11: 2.5118648 | K11: 2.5872495 | L11: 2.6582143 | M11: 2.7251503 | N11: 2.7884023 | O11: 2.8482744 | P11: 2.9050363 | Q11: 2.9589297 | R11: 3.0101708 | S11: 3.0589483 | T11: 3.105425 | U11: 3.1497424 | V11: 3.1920233 | W11: 3.2323748 | X11: 3.2708905 | Y11: 3.3076529 | Z11: 3.3427354 | AA11: 3.3762036 | AB11: 3.4081174 | AC11: 3.4385317 | AD11: 3.4674978 | AE11: 3.4950628 | AF11: 3.5212719 | AG11: 3.5461686 | AH11: 3.5697954 | AI11: 3.5921938 | AJ11: 3.6134031 | AK11: 3.6334615
A12: -113 | B12: 41327 | C12: 1.8355159 | D12: 1.9528348 | E12: 2.0631563 | F12: 2.1667063 | G12: 2.2638279 | H12: 2.3548907 | I12: 2.4402776 | J12: 2.5203817 | K12: 2.5956046 | L12: 2.6663525 | M12: 2.7330114 | N12: 2.7959234 | O12: 2.8553919 | P12: 2.9116882 | Q12: 2.9650567 | R12: 3.0157176 | S12: 3.0638644 | T12: 3.1096659 | U12: 3.1532692 | V12: 3.1948032 | W12: 3.234381 | X12: 3.2721021 | Y12: 3.308055 | Z12: 3.3423185 | AA12: 3.3749633 | AB12: 3.4060539 | AC12: 3.4356497 | AD12: 3.4638056 | AE12: 3.4905726 | AF12: 3.5159988 | AG12: 3.5401308 | AH12: 3.5630137 | AI12: 3.5846907 | AJ12: 3.6052033 | AK12: 3.624591
A13: -112 | B13: 41330 | C13: 1.804705 | D13: 1.9224216 | E13: 2.0332265 | F13: 2.1373306 | G13: 2.2350618 | H13: 2.3267766 | I13: 2.4128471 | J13: 2.4936577 | K13: 2.5696023 | L13: 2.6410806 | M13: 2.7084735 | N13: 2.7721192 | O13: 2.8323188 | P13: 2.8893422 | Q13: 2.9434336 | R13: 2.9948133 | S13: 3.0436748 | T13: 3.0901858 | U13: 3.1344926 | V13: 3.1767229 | W13: 3.2169884 | X13: 3.2553873 | Y13: 3.2920062 | Z13: 3.3269222 | AA13: 3.3602039 | AB13: 3.3919137 | AC13: 3.4221087 | AD13: 3.4508413 | AE13: 3.4781599 | AF13: 3.50411 | AG13: 3.5287356 | AH13: 3.5520793 | AI13: 3.5741822 | AJ13: 3.595084 | AK13: 3.6148226
A14: -111 | B14: 41331 | C14: 1.6974669 | D14: 1.8114395 | E14: 1.9194361 | F14: 2.0216284 | G14: 2.1182827 | H14: 2.2096837 | I14: 2.2961249 | J14: 2.3779066 | K14: 2.4553346 | L14: 2.5287174 | M14: 2.5983472 | N14: 2.664482 | O14: 2.72735 | P14: 2.7871542 | Q14: 2.8440772 | R14: 2.8982832 | S14: 2.9499177 | T14: 2.99911 | U14: 3.0459752 | V14: 3.0906172 | W14: 3.1331297 | X14: 3.1735982 | Y14: 3.2121025 | Z14: 3.2487174 | AA14: 3.2835139 | AB14: 3.3165595 | AC14: 3.3479187 | AD14: 3.3776534 | AE14: 3.405823 | AF14: 3.4324855 | AG14: 3.4576975 | AH14: 3.4815144 | AI14: 3.5039904 | AJ14: 3.5251772 | AK14: 3.5451246
A15: -110 | B15: 41332 | C15: 1.6863868 | D15: 1.7985274 | E15: 1.904973 | F15: 2.0058671 | G15: 2.1014486 | H15: 2.1919781 | I15: 2.2777269 | J15: 2.358975 | K15: 2.4360093 | L15: 2.5091206 | M15: 2.5785847 | N15: 2.6446463 | O15: 2.7075217 | P15: 2.7674042 | Q15: 2.8244678 | R15: 2.8788696 | S15: 2.9307501 | T15: 2.9802344 | U15: 3.0274349 | V15: 3.0724524 | W15: 3.1153781 | X15: 3.156295 | Y15: 3.1952798 | Z15: 3.2324037 | AA15: 3.2677336 | AB15: 3.3013326 | AC15: 3.3332602 | AD15: 3.3635734 | AE15: 3.3923262 | AF15: 3.4195713 | AG15: 3.4453599 | AH15: 3.4697428 | AI15: 3.4927694 | AJ15: 3.5144874 | AK15: 3.5349433
... A135: 10 | B135: 41506 | C135: 2.4854435 | D135: 2.6029878 | E135: 2.7118393 | F135: 2.8123796 | G135: 2.9050113 | H135: 2.9901515 | I135: 3.0682284 | J135: 3.1396775 | K135: 3.2049393 | L135: 3.2644476 | M135: 3.3186171 | N135: 3.3678462 | O135: 3.4125192 | P135: 3.4530091 | Q135: 3.4896763 | R135: 3.5228588 | S135: 3.5528699 | T135: 3.5799986 | U135: 3.6045118 | V135: 3.6266573 | W135: 3.6466651 | X135: 3.664744 | Y135: 3.6810818 | Z135: 3.695848 | AA135: 3.7091941 | AB135: 3.7212557 | AC135: 3.7321541 | AD135: 3.7419981 | AE135: 3.7508845 | AF135: 3.7588985 | AG135: 3.7661149 | AH135: 3.7725989 | AI135: 3.7784068 | AJ135: 3.783587 | AK135: 3.7881809
A138: k | B138: Date | C138: Δz 8y (bp) | D138: Δz 8.5y (bp) | E138: Δz 9y (bp) | F138: Δz 9.5y (bp) | G138: Δz 10y (bp) | H138: Δz 10.5y (bp) | I138: Δz 11y (bp) | J138: Δz 11.5y (bp) | K138: Δz 12y (bp) | L138: Δz 12.5y (bp) | M138: Δz 13y (bp) | N138: Δz 13.5y (bp) | O138: Δz 14y (bp) | P138: Δz 14.5y (bp) | Q138: Δz 15y (bp) | R138: Δz 15.5y (bp) | S138: Δz 16y (bp) | T138: Δz 16.5y (bp) | U138: Δz 17y (bp) | V138: Δz 17.5y (bp) | W138: Δz 18y (bp) | X138: Δz 18.5y (bp) | Y138: Δz 19y (bp) | Z138: Δz 19.5y (bp) | AA138: Δz 20y (bp) | AB138: Δz 20.5y (bp) | AC138: Δz 21y (bp) | AD138: Δz 21.5y (bp) | AE138: Δz 22y (bp) | AF138: Δz 22.5y (bp) | AG138: Δz 23y (bp) | AH138: Δz 23.5y (bp) | AI138: Δz 24y (bp) | AJ138: Δz 24.5y (bp) | AK138: Δz 25y (bp) | AL138: Control Δc = average (bp)
A139: =A5 -> -120 | B139: =B5 -> 41318 | C139: =100*(C5-C4) -> 10.246838 | D139: =100*(D5-D4) -> 10.566041 | E139: =100*(E5-E4) -> 10.82755 | F139: =100*(F5-F4) -> 11.033066 | G139: =100*(G5-G4) -> 11.185893 | H139: =100*(H5-H4) -> 11.289706 | I139: =100*(I5-I4) -> 11.348357 | J139: =100*(J5-J4) -> 11.36584 | ... AK139: =100*(AK5-AK4) -> 6.8508564 | AL139: =AVERAGE(C139:AK139) -> 9.6190271
A140: =A6 -> -119 | B140: =B6 -> 41319 | C140: =100*(C6-C5) -> -0.9040123 | D140: =100*(D6-D5) -> -0.67285641 | E140: =100*(E6-E5) -> -0.48540458 | F140: =100*(F6-F5) -> -0.33879663 | G140: =100*(G6-G5) -> -0.22982808 | H140: =100*(H6-H5) -> -0.15533595 | I140: =100*(I6-I5) -> -0.11221591 | J140: =100*(J6-J5) -> -0.097409519 | ... AK140: =100*(AK6-AK5) -> -3.2260015 | AL140: =AVERAGE(C140:AK140) -> -1.2764569
A141: =A7 -> -118 | B141: =B7 -> 41320 | C141: =100*(C7-C6) -> -0.076717199 | D141: =100*(D7-D6) -> -0.17087512 | E141: =100*(E7-E6) -> -0.24489635 | F141: =100*(F7-F6) -> -0.29871365 | G141: =100*(G7-G6) -> -0.33385069 | H141: =100*(H7-H6) -> -0.35232249 | I141: =100*(I7-I6) -> -0.35637617 | J141: =100*(J7-J6) -> -0.34844052 | ... AK141: =100*(AK7-AK6) -> 0.30778378 | AL141: =AVERAGE(C141:AK141) -> -0.077583349
A142: =A8 -> -117 | B142: =B8 -> 41323 | C142: =100*(C8-C7) -> -0.0683378 | D142: =100*(D8-D7) -> -0.05907132 | E142: =100*(E8-E7) -> -0.042784399 | F142: =100*(F8-F7) -> -0.020013386 | G142: =100*(G8-G7) -> 0.0087357259 | H142: =100*(H8-H7) -> 0.043010002 | I142: =100*(I8-I7) -> 0.082416193 | J142: =100*(J8-J7) -> 0.12660777 | ... AK142: =100*(AK8-AK7) -> 1.3323435 | AL142: =AVERAGE(C142:AK142) -> 0.69613696
A143: =A9 -> -116 | B143: =B9 -> 41324 | C143: =100*(C9-C8) -> -0.76093608 | D143: =100*(D9-D8) -> -0.71602054 | E143: =100*(E9-E8) -> -0.6887475 | F143: =100*(F9-F8) -> -0.67576345 | G143: =100*(G9-G8) -> -0.67337152 | H143: =100*(H9-H8) -> -0.67835861 | I143: =100*(I9-I8) -> -0.68795978 | J143: =100*(J9-J8) -> -0.69976076 | ... AK143: =100*(AK9-AK8) -> -0.25751358 | AL143: =AVERAGE(C143:AK143) -> -0.56399721
A144: =A10 -> -115 | B144: =B10 -> 41325 | C144: =100*(C10-C9) -> 1.327609 | D144: =100*(D10-D9) -> 1.6967922 | E144: =100*(E10-E9) -> 1.993982 | F144: =100*(F10-F9) -> 2.222224 | G144: =100*(G10-G9) -> 2.3865875 | H144: =100*(H10-H9) -> 2.4928426 | I144: =100*(I10-I9) -> 2.5472188 | J144: =100*(J10-J9) -> 2.5563053 | ... AK144: =100*(AK10-AK9) -> 1.6794989 | AL144: =AVERAGE(C144:AK144) -> 1.7192386
A145: =A11 -> -114 | B145: =B11 -> 41326 | C145: =100*(C11-C10) -> -8.8095085 | D145: =100*(D11-D10) -> -8.8761105 | E145: =100*(E11-E10) -> -8.9124301 | F145: =100*(F11-F10) -> -8.9251093 | G145: =100*(G11-G10) -> -8.9204024 | H145: =100*(H11-H10) -> -8.9034944 | I145: =100*(I11-I10) -> -8.8786311 | J145: =100*(J11-J10) -> -8.849324 | ... AK145: =100*(AK11-AK10) -> -8.1917586 | AL145: =AVERAGE(C145:AK145) -> -8.6635305
A146: =A12 -> -113 | B146: =B12 -> 41327 | C146: =100*(C12-C11) -> 0.90476028 | D146: =100*(D12-D11) -> 0.89079204 | E146: =100*(E12-E11) -> 0.88311352 | F146: =100*(F12-F11) -> 0.87876196 | G146: =100*(G12-G11) -> 0.87522178 | H146: =100*(H12-H11) -> 0.8704975 | I146: =100*(I12-I11) -> 0.8630475 | J146: =100*(J12-J11) -> 0.85168544 | ... AK146: =100*(AK12-AK11) -> -0.88704695 | AL146: =AVERAGE(C146:AK146) -> 0.25465625
A147: =A13 -> -112 | B147: =B13 -> 41330 | C147: =100*(C13-C12) -> -3.0810952 | D147: =100*(D13-D12) -> -3.0413274 | E147: =100*(E13-E12) -> -2.9929839 | F147: =100*(F13-F12) -> -2.9375641 | G147: =100*(G13-G12) -> -2.8766069 | H147: =100*(H13-H12) -> -2.8114094 | I147: =100*(I13-I12) -> -2.7430425 | J147: =100*(J13-J12) -> -2.6723999 | ... AK147: =100*(AK13-AK12) -> -0.9768408 | AL147: =AVERAGE(C147:AK147) -> -1.9818232
A148: =A14 -> -111 | B148: =B14 -> 41331 | C148: =100*(C14-C13) -> -10.723806 | D148: =100*(D14-D13) -> -11.098201 | E148: =100*(E14-E13) -> -11.379043 | F148: =100*(F14-F13) -> -11.570222 | G148: =100*(G14-G13) -> -11.677913 | H148: =100*(H14-H13) -> -11.709294 | I148: =100*(I14-I13) -> -11.672226 | J148: =100*(J14-J13) -> -11.575108 | ... AK148: =100*(AK14-AK13) -> -6.9697987 | AL148: =AVERAGE(C148:AK148) -> -9.25569
A149: =A15 -> -110 | B149: =B15 -> 41332 | C149: =100*(C15-C14) -> -1.1080143 | D149: =100*(D15-D14) -> -1.2912178 | E149: =100*(E15-E14) -> -1.4463046 | F149: =100*(F15-F14) -> -1.5761334 | G149: =100*(G15-G14) -> -1.6834051 | H149: =100*(H15-H14) -> -1.7705561 | I149: =100*(I15-I14) -> -1.839796 | J149: =100*(J15-J14) -> -1.8931567 | ... AK149: =100*(AK15-AK14) -> -1.0181309 | AL149: =AVERAGE(C149:AK149) -> -1.6242995
A150: =A16 -> -109 | B150: =B16 -> 41333 | C150: =100*(C16-C15) -> 1.2438701 | D150: =100*(D16-D15) -> 1.2209135 | E150: =100*(E16-E15) -> 1.1778857 | F150: =100*(F16-F15) -> 1.1137109 | G150: =100*(G16-G15) -> 1.0284691 | H150: =100*(H16-H15) -> 0.92324823 | I150: =100*(I16-I15) -> 0.79993591 | J150: =100*(J16-J15) -> 0.66104611 | ... AK150: =100*(AK16-AK15) -> -0.85404139 | AL150: =AVERAGE(C150:AK150) -> -0.37670281
... A269: =A135 -> 10 | B269: =B135 -> 41506 | C269: =100*(C135-C134) -> -6.911752 | D269: =100*(D135-D134) -> -6.7998331 | E269: =100*(E135-E134) -> -6.6899546 | F269: =100*(F135-F134) -> -6.5813451 | G269: =100*(G135-G134) -> -6.4731703 | H269: =100*(H135-H134) -> -6.3645923 | I269: =100*(I135-I134) -> -6.2549732 | J269: =100*(J135-J134) -> -6.1440768 | ... AK269: =100*(AK135-AK134) -> -4.5592375 | AL269: =AVERAGE(C269:AK269) -> -5.3308965

Sheet A1 M2
A1: A1: 1¼% Treasury Gilt 2018, auction 06 Aug 2013 - M2 with control B-β (decision #13)
A3: k | B3: Date | C3: Model yield y (%) | D3: Δy (bp) | E3: Δc (bp), from control sheet | F3: In β window (1/0) | G3: AR B-β = Δy - β·Δc | H3: CAR B-β (base T-6) | I3: AR B (β = 1) | J3: CAR B | K3: Raw cumulative Δy
A4: -121 | B4: 41317 | C4: 1.1533278 | F4: 0
A5: -120 | B5: 41318 | C5: 1.2310134 | D5: =100*(C5-C4) -> 7.768561 | E5: ='A1 control'!AL139 -> 9.6190271 | F5: 1
A6: -119 | B6: 41319 | C6: 1.2022339 | D6: =100*(C6-C5) -> -2.8779514 | E6: ='A1 control'!AL140 -> -1.2764569 | F6: 1
A7: -118 | B7: 41320 | C7: 1.2060602 | D7: =100*(C7-C6) -> 0.38262963 | E7: ='A1 control'!AL141 -> -0.077583349 | F7: 1
A8: -117 | B8: 41323 | C8: 1.2054004 | D8: =100*(C8-C7) -> -0.065976227 | E8: ='A1 control'!AL142 -> 0.69613696 | F8: 1
A9: -116 | B9: 41324 | C9: 1.1915955 | D9: =100*(C9-C8) -> -1.3804882 | E9: ='A1 control'!AL143 -> -0.56399721 | F9: 1
A10: -115 | B10: 41325 | C10: 1.1746839 | D10: =100*(C10-C9) -> -1.6911652 | E10: ='A1 control'!AL144 -> 1.7192386 | F10: 1
A11: -114 | B11: 41326 | C11: 1.0975557 | D11: =100*(C11-C10) -> -7.7128138 | E11: ='A1 control'!AL145 -> -8.6635305 | F11: 1
A12: -113 | B12: 41327 | C12: 1.1074166 | D12: =100*(C12-C11) -> 0.98608543 | E12: ='A1 control'!AL146 -> 0.25465625 | F12: 1
A13: -112 | B13: 41330 | C13: 1.0754335 | D13: =100*(C13-C12) -> -3.1983064 | E13: ='A1 control'!AL147 -> -1.9818232 | F13: 1
A14: -111 | B14: 41331 | C14: 1.0011534 | D14: =100*(C14-C13) -> -7.4280169 | E14: ='A1 control'!AL148 -> -9.25569 | F14: 1
A15: -110 | B15: 41332 | C15: 1.0049088 | D15: =100*(C15-C14) -> 0.37554046 | E15: ='A1 control'!AL149 -> -1.6242995 | F15: 1
A16: -109 | B16: 41333 | C16: 1.0160047 | D16: =100*(C16-C15) -> 1.1095969 | E16: ='A1 control'!AL150 -> -0.37670281 | F16: 1
... A114: -11 | B114: 41477 | C114: 1.1955162 | D114: =100*(C114-C113) -> -1.1590187 | E114: ='A1 control'!AL248 -> -2.6279343 | F114: 0
A115: -10 | B115: 41478 | C115: 1.236254 | D115: =100*(C115-C114) -> 4.0737784 | E115: ='A1 control'!AL249 -> 4.4929131 | F115: 0 | G115: =D115-$B$137*E115 -> -0.031833273 | H115: =H116-G116 -> 2.4378533 | I115: =D115-E115 -> -0.41913471 | J115: =J116-I116 -> 2.5624084 | K115: =K116-D116 -> 1.1174996
A116: -9 | B116: 41479 | C116: 1.3000957 | D116: =100*(C116-C115) -> 6.3841734 | E116: ='A1 control'!AL250 -> 6.5231386 | F116: 0 | G116: =D116-$B$137*E116 -> 0.42334722 | H116: =H117-G117 -> 2.8612005 | I116: =D116-E116 -> -0.13896523 | J116: =J117-I117 -> 2.4234432 | K116: =K117-D117 -> 7.501673
A117: -8 | B117: 41480 | C117: 1.2882774 | D117: =100*(C117-C116) -> -1.1818307 | E117: ='A1 control'!AL251 -> -1.1224057 | F117: 0 | G117: =D117-$B$137*E117 -> -0.15617946 | H117: =H118-G118 -> 2.7050211 | I117: =D117-E117 -> -0.059425005 | J117: =J118-I118 -> 2.3640182 | K117: =K118-D118 -> 6.3198423
A118: -7 | B118: 41481 | C118: 1.2228583 | D118: =100*(C118-C117) -> -6.5419084 | E118: ='A1 control'!AL252 -> -3.5142685 | F118: 0 | G118: =D118-$B$137*E118 -> -3.3305795 | H118: =H119-G119 -> -0.62555838 | I118: =D118-E118 -> -3.0276399 | J118: =J119-I119 -> -0.66362168 | K118: =K119-D119 -> -0.22206611
A119: -6 | B119: 41484 | C119: 1.225079 | D119: =100*(C119-C118) -> 0.22206611 | E119: ='A1 control'!AL253 -> -0.44155556 | F119: 0 | G119: =D119-$B$137*E119 -> 0.62555838 | H119: 0 | I119: =D119-E119 -> 0.66362168 | J119: 0 | K119: 0
A120: -5 | B120: 41485 | C120: 1.2150765 | D120: =100*(C120-C119) -> -1.0002442 | E120: ='A1 control'!AL254 -> -0.83134747 | F120: 0 | G120: =D120-$B$137*E120 -> -0.24056117 | H120: =H119+G120 -> -0.24056117 | I120: =D120-E120 -> -0.16889674 | J120: =J119+I120 -> -0.16889674 | K120: =K119+D120 -> -1.0002442
A121: -4 | B121: 41486 | C121: 1.2310706 | D121: =100*(C121-C120) -> 1.5994084 | E121: ='A1 control'!AL255 -> 2.539143 | F121: 0 | G121: =D121-$B$137*E121 -> -0.72085352 | H121: =H120+G121 -> -0.9614147 | I121: =D121-E121 -> -0.93973462 | J121: =J120+I121 -> -1.1086314 | K121: =K120+D121 -> 0.59916419
A122: -3 | B122: 41487 | C122: 1.2611928 | D122: =100*(C122-C121) -> 3.0122223 | E122: ='A1 control'!AL256 -> 2.8769196 | F122: 0 | G122: =D122-$B$137*E122 -> 0.38330108 | H122: =H121+G122 -> -0.57811362 | I122: =D122-E122 -> 0.13530272 | J122: =J121+I122 -> -0.97332864 | K122: =K121+D122 -> 3.6113865
A123: -2 | B123: 41488 | C123: 1.2995957 | D123: =100*(C123-C122) -> 3.84029 | E123: ='A1 control'!AL257 -> 1.2164589 | F123: 0 | G123: =D123-$B$137*E123 -> 2.7286932 | H123: =H122+G123 -> 2.1505796 | I123: =D123-E123 -> 2.6238312 | J123: =J122+I123 -> 1.6505025 | K123: =K122+D123 -> 7.4516765
A124: -1 | B124: 41491 | C124: 1.3591222 | D124: =100*(C124-C123) -> 5.952644 | E124: ='A1 control'!AL258 -> 3.9622013 | F124: 0 | G124: =D124-$B$137*E124 -> 2.3319953 | H124: =H123+G124 -> 4.482575 | I124: =D124-E124 -> 1.9904427 | J124: =J123+I124 -> 3.6409452 | K124: =K123+D124 -> 13.404321
A125: 0 | B125: 41492 | C125: 1.3687045 | D125: =100*(C125-C124) -> 0.9582319 | E125: ='A1 control'!AL259 -> -0.15077188 | F125: 0 | G125: =D125-$B$137*E125 -> 1.0960068 | H125: =H124+G125 -> 5.5785818 | I125: =D125-E125 -> 1.1090038 | J125: =J124+I125 -> 4.749949 | K125: =K124+D125 -> 14.362552
A126: 1 | B126: 41493 | C126: 1.3844073 | D126: =100*(C126-C125) -> 1.5702862 | E126: ='A1 control'!AL260 -> 0.21967062 | F126: 0 | G126: =D126-$B$137*E126 -> 1.3695517 | H126: =H125+G126 -> 6.9481335 | I126: =D126-E126 -> 1.3506155 | J126: =J125+I126 -> 6.1005645 | K126: =K125+D126 -> 15.932839
A127: 2 | B127: 41494 | C127: 1.3735946 | D127: =100*(C127-C126) -> -1.0812754 | E127: ='A1 control'!AL261 -> 1.2469353 | F127: 0 | G127: =D127-$B$137*E127 -> -2.2207214 | H127: =H126+G127 -> 4.7274121 | I127: =D127-E127 -> -2.3282107 | J127: =J126+I127 -> 3.7723539 | K127: =K126+D127 -> 14.851563
A128: 3 | B128: 41495 | C128: 1.3489223 | D128: =100*(C128-C127) -> -2.4672269 | E128: ='A1 control'!AL262 -> -1.1079933 | F128: 0 | G128: =D128-$B$137*E128 -> -1.4547457 | H128: =H127+G128 -> 3.2726664 | I128: =D128-E128 -> -1.3592336 | J128: =J127+I128 -> 2.4131202 | K128: =K127+D128 -> 12.384336
A129: 4 | B129: 41498 | C129: 1.3644833 | D129: =100*(C129-C128) -> 1.556101 | E129: ='A1 control'!AL263 -> -0.04512396 | F129: 0 | G129: =D129-$B$137*E129 -> 1.5973352 | H129: =H128+G129 -> 4.8700016 | I129: =D129-E129 -> 1.601225 | J129: =J128+I129 -> 4.0143452 | K129: =K128+D129 -> 13.940437
A130: 5 | B130: 41499 | C130: 1.4783788 | D130: =100*(C130-C129) -> 11.389548 | E130: ='A1 control'!AL264 -> 10.524417 | F130: 0 | G130: =D130-$B$137*E130 -> 1.7723648 | H130: =H129+G130 -> 6.6423664 | I130: =D130-E130 -> 0.86513117 | J130: =J129+I130 -> 4.8794764 | K130: =K129+D130 -> 25.329985
A131: 6 | B131: 41500 | C131: 1.5228458 | D131: =100*(C131-C130) -> 4.4466976 | E131: ='A1 control'!AL265 -> 4.3853195 | F131: 0 | G131: =D131-$B$137*E131 -> 0.4394047 | H131: =H130+G131 -> 7.0817711 | I131: =D131-E131 -> 0.061378126 | J131: =J130+I131 -> 4.9408545 | K131: =K130+D131 -> 29.776683
... A135: 10 | B135: 41506 | C135: 1.5396122 | D135: =100*(C135-C134) -> -7.6493742 | E135: ='A1 control'!AL269 -> -5.3308965 | F135: 0 | G135: =D135-$B$137*E135 -> -2.7780156 | H135: =H134+G135 -> 8.3391519 | I135: =D135-E135 -> -2.3184777 | J135: =J134+I135 -> 6.1586841 | K135: =K134+D135 -> 31.453329
A137: β = SLOPE(Δy, Δc) over k = -120..-21 | B137: =SLOPE(D5:D104,E5:E104) -> 0.91379726
A138: α (estimated, not subtracted) | B138: =INTERCEPT(D5:D104,E5:E104) -> -0.035304288
A139: R² | B139: =RSQ(D5:D104,E5:E104) -> 0.783262
A140: Observations | B140: =COUNT(D5:D104) -> 100
A141: Python β, for comparison | B141: 0.91379726
A143: The PM's three numbers (bp) | B143: B-β (main) | C143: B (β = 1) | D143: Raw (no control) | E143: Python B-β
A144: Pre-auction cheapening, CAR(T-1) - CAR(T-6) | B144: =H124-H119 -> 4.482575 | C144: =J124-J119 -> 3.6409452 | D144: =K124-K119 -> 13.404321 | E144: 4.482575
A145: Auction day, CAR(T) - CAR(T-1) | B145: =H125-H124 -> 1.0960068 | C145: =J125-J124 -> 1.1090038 | D145: =K125-K124 -> 0.9582319 | E145: 1.0960068
A146: Post-auction, CAR(T+5) - CAR(T) | B146: =H130-H125 -> 1.0637846 | C146: =J130-J125 -> 0.12952738 | D146: =K130-K125 -> 10.967433 | E146: 1.0637846

Sheet A2 M1
A1: A2: 3¾% Treasury Gilt 2020, auction 21 Oct 2010 - M1 (spec §7)
A3: Auction date | B3: 40472
A4: Settlement date (DMO issue date) | B4: 40473
A5: Effective settlement (first issue date if later, decision #10) | B5: 40473
A6: Curve date (T-1 close) | B6: 40471
A7: Coupon (% p.a.) | B7: 3.75
A8: Maturity | B8: 44081
A9: First issue date | B9: 40339
A10: First coupon date (source below) | B10: 40428
A11: First coupon source | B11: DMO reference prices (accrued interest)
A12: Accrued interest at settlement (cash_flows) | B12: 0.46616022
A13: Average accepted yield, AAY (% , D2.1A) | B13: 3.055442
A14: Curve: last maturity T (y) | B14: 25
A15: Curve: z(T) (%) | B15: 4.3673212
A16: Curve: BoE forward f(T) (%) | B16: 4.7136004
A19: Cash flow date | B19: Amount per £100 | C19: t = days/365.25 | D19: z(t) % (spline; flat fwd beyond T) | E19: DF = exp(-z/100·t) | F19: PV = amount·DF | G19: Exponent (semi-annual periods) | H19: v^exponent at model yield | I19: PV at model yield | J19: BoE point below | K19: z below | L19: BoE point above | M19: z above | N19: Linear interp. of z (check)
A20: 40609 | B20: 1.875 | C20: =(A20-$B$5)/365.25 -> 0.37234771 | D20: 0.54313429 | E20: =EXP(-D20/100*C20) -> 0.9979797 | F20: =B20*E20 -> 1.8712119 | G20: 0.75138122 | H20: =(1/(1+$B$44/200))^G20 -> 0.98875243 | I20: =B20*H20 -> 1.8539108 | J20: 0.333333 | K20: 0.54234811 | L20: 0.416667 | M20: 0.5449077 | N20: =IF(L20=J20,K20,K20+(M20-K20)*(C20-J20)/(L20-J20)) -> 0.54354644
A21: 40793 | B21: 1.875 | C21: =(A21-$B$5)/365.25 -> 0.87611225 | D21: 0.56743961 | E21: =EXP(-D21/100*C21) -> 0.99504093 | F21: =B21*E21 -> 1.8657017 | G21: 1.7513812 | H21: =(1/(1+$B$44/200))^G21 -> 0.97397921 | I21: =B21*H21 -> 1.826211 | J21: 0.833333 | K21: 0.56559683 | L21: 0.916667 | M21: 0.56929818 | N21: =IF(L21=J21,K21,K21+(M21-K21)*(C21-J21)/(L21-J21)) -> 0.56749691
A22: 40975 | B22: 1.875 | C22: =(A22-$B$5)/365.25 -> 1.3744011 | D22: 0.60768663 | E22: =EXP(-D22/100*C22) -> 0.99168273 | F22: =B22*E22 -> 1.8594051 | G22: 2.7513812 | H22: =(1/(1+$B$44/200))^G22 -> 0.95942672 | I22: =B22*H22 -> 1.7989251 | J22: 1.333333 | K22: 0.60259628 | L22: 1.416667 | M22: 0.6132856 | N22: =IF(L22=J22,K22,K22+(M22-K22)*(C22-J22)/(L22-J22)) -> 0.60786412
A23: 41159 | B23: 1.875 | C23: =(A23-$B$5)/365.25 -> 1.8781656 | D23: 0.69677249 | E23: =EXP(-D23/100*C23) -> 0.98699871 | F23: =B23*E23 -> 1.8506226 | G23: 3.7513812 | H23: =(1/(1+$B$44/200))^G23 -> 0.94509167 | I23: =B23*H23 -> 1.7720469 | J23: 1.833333 | K23: 0.68699884 | L23: 1.916667 | M23: 0.70542452 | N23: =IF(L23=J23,K23,K23+(M23-K23)*(C23-J23)/(L23-J23)) -> 0.69691162
A24: 41340 | B24: 1.875 | C24: =(A24-$B$5)/365.25 -> 2.3737166 | D24: 0.82432438 | E24: =EXP(-D24/100*C24) -> 0.98062307 | F24: =B24*E24 -> 1.8386683 | G24: 4.7513812 | H24: =(1/(1+$B$44/200))^G24 -> 0.9309708 | I24: =B24*H24 -> 1.7455702 | J24: 2.333333 | K24: 0.81274479 | L24: 2.416667 | M24: 0.83683838 | N24: =IF(L24=J24,K24,K24+(M24-K24)*(C24-J24)/(L24-J24)) -> 0.82442054
A25: 41524 | B25: 1.875 | C25: =(A25-$B$5)/365.25 -> 2.8774812 | D25: 0.98199778 | E25: =EXP(-D25/100*C25) -> 0.97213869 | F25: =B25*E25 -> 1.82276 | G25: 5.7513812 | H25: =(1/(1+$B$44/200))^G25 -> 0.91706091 | I25: =B25*H25 -> 1.7194892 | J25: 2.833333 | K25: 0.96735033 | L25: 2.916667 | M25: 0.99510824 | N25: =IF(L25=J25,K25,K25+(M25-K25)*(C25-J25)/(L25-J25)) -> 0.98205574
A26: 41705 | B26: 1.875 | C26: =(A26-$B$5)/365.25 -> 3.3730322 | D26: 1.1539124 | E26: =EXP(-D26/100*C26) -> 0.96182589 | F26: =B26*E26 -> 1.8034235 | G26: 6.7513812 | H26: =(1/(1+$B$44/200))^G26 -> 0.90335885 | I26: =B26*H26 -> 1.6937979 | J26: 3.333333 | K26: 1.1397335 | L26: 3.416667 | M26: 1.1695591 | N26: =IF(L26=J26,K26,K26+(M26-K26)*(C26-J26)/(L26-J26)) -> 1.153942
A27: 41889 | B27: 1.875 | C27: =(A27-$B$5)/365.25 -> 3.8767967 | D27: 1.3374617 | E27: =EXP(-D27/100*C27) -> 0.94947064 | F27: =B27*E27 -> 1.7802575 | G27: 7.7513812 | H27: =(1/(1+$B$44/200))^G27 -> 0.88986152 | I27: =B27*H27 -> 1.6684904 | J27: 3.833333 | K27: 1.3214373 | L27: 3.916667 | M27: 1.3521802 | N27: =IF(L27=J27,K27,K27+(M27-K27)*(C27-J27)/(L27-J27)) -> 1.3374716
A28: 42070 | B28: 1.875 | C28: =(A28-$B$5)/365.25 -> 4.3723477 | D28: 1.5210143 | E28: =EXP(-D28/100*C28) -> 0.93565914 | F28: =B28*E28 -> 1.7543609 | G28: 8.7513812 | H28: =(1/(1+$B$44/200))^G28 -> 0.87656586 | I28: =B28*H28 -> 1.643561 | J28: 4.333333 | K28: 1.5065522 | L28: 4.416666 | M28: 1.5374355 | N28: =IF(L28=J28,K28,K28+(M28-K28)*(C28-J28)/(L28-J28)) -> 1.5210111
A29: 42254 | B29: 1.875 | C29: =(A29-$B$5)/365.25 -> 4.8761123 | D29: 1.7067771 | E29: =EXP(-D29/100*C29) -> 0.92014467 | F29: =B29*E29 -> 1.7252713 | G29: 9.7513812 | H29: =(1/(1+$B$44/200))^G29 -> 0.86346885 | I29: =B29*H29 -> 1.6190041 | J29: 4.833333 | K29: 1.6911066 | L29: 4.916666 | M29: 1.7216088 | N29: =IF(L29=J29,K29,K29+(M29-K29)*(C29-J29)/(L29-J29)) -> 1.706765
A30: 42436 | B30: 1.875 | C30: =(A30-$B$5)/365.25 -> 5.3744011 | D30: 1.8870937 | E30: =EXP(-D30/100*C30) -> 0.90355348 | F30: =B30*E30 -> 1.6941628 | G30: 10.751381 | H30: =(1/(1+$B$44/200))^G30 -> 0.85056753 | I30: =B30*H30 -> 1.5948141 | J30: 5 | K30: 1.7520091 | L30: 5.5 | M30: 1.931778 | N30: =IF(L30=J30,K30,K30+(M30-K30)*(C30-J30)/(L30-J30)) -> 1.8866204
A31: 42620 | B31: 1.875 | C31: =(A31-$B$5)/365.25 -> 5.8781656 | D31: 2.0640563 | E31: =EXP(-D31/100*C31) -> 0.88574281 | F31: =B31*E31 -> 1.6607678 | G31: 11.751381 | H31: =(1/(1+$B$44/200))^G31 -> 0.83785897 | I31: =B31*H31 -> 1.5709856 | J31: 5.5 | K31: 1.931778 | L31: 6 | M31: 2.1058859 | N31: =IF(L31=J31,K31,K31+(M31-K31)*(C31-J31)/(L31-J31)) -> 2.0634613
... A39: 44081 | B39: 101.875 | C39: =(A39-$B$5)/365.25 -> 9.8781656 | D39: 3.1823241 | E39: =EXP(-D39/100*C39) -> 0.73025956 | F39: =B39*E39 -> 74.395193 | G39: 19.751381 | H39: =(1/(1+$B$44/200))^G39 -> 0.74279319 | I39: =B39*H39 -> 75.672057 | J39: 9.5 | K39: 3.1000603 | L39: 10 | M39: 3.2078423 | N39: =IF(L39=J39,K39,K39+(M39-K39)*(C39-J39)/(L39-J39)) -> 3.1815792
A41: Curve dirty price = SUM(PV) | B41: =SUM(F20:F39) -> 106.53781
A42: Accrued interest | B42: =B12 -> 0.46616022
A43: Curve clean price | B43: =B41-B42 -> 106.07165
A44: Model yield (% , brentq in Python) | B44: 3.0335797
A45: Price at the model yield = SUM(PV at model yield) | B45: =SUM(I20:I39) -> 106.53781
A46: Check: price at model yield - curve dirty (≈ 0) | B46: =B45-B41 -> -1.6484591e-12
A47: M1 (bp) = 100·(AAY - model yield) | B47: =100*(B13-B44) -> 2.186227
A48: Python M1 (bp), for comparison | B48: 2.186227

Sheet A2 M1b
A1: A2: 3¾% Treasury Gilt 2020, auction 21 Oct 2010 - M1b baseline, T-25 to T-6 (decision #4)
A3: k (business days) | B3: Date | C3: Market yield (%): DMO yield (from the DMO clean price before 25 Nov 2002) | D3: Model yield (%, curve of that day) | E3: Residual (bp) = 100·(DMO - model) | F3: Included (1/0) | G3: Excluded because
A4: -25 | B4: 40437 | C4: 3.247579 | D4: 3.2045084 | E4: =IF(F4=1,100*(C4-D4),"") | F4: 0 | G4: within 5 business days of an earlier auction of the gilt
A5: -24 | B5: 40438 | C5: 3.233365 | D5: 3.1894849 | E5: =IF(F5=1,100*(C5-D5),"") | F5: 0 | G5: within 5 business days of an earlier auction of the gilt
A6: -23 | B6: 40441 | C6: 3.258637 | D6: 3.2170382 | E6: =IF(F6=1,100*(C6-D6),"") | F6: 0 | G6: within 5 business days of an earlier auction of the gilt
A7: -22 | B7: 40442 | C7: 3.221585 | D7: 3.1796359 | E7: =IF(F7=1,100*(C7-D7),"") | F7: 0 | G7: within 5 business days of an earlier auction of the gilt
A8: -21 | B8: 40443 | C8: 3.073872 | D8: 3.0299246 | E8: =IF(F8=1,100*(C8-D8),"") | F8: 0 | G8: within 5 business days of an earlier auction of the gilt
A9: -20 | B9: 40444 | C9: 3.058949 | D9: 3.0082569 | E9: =IF(F9=1,100*(C9-D9),"") | F9: 0 | G9: within 5 business days of an earlier auction of the gilt
A10: -19 | B10: 40445 | C10: 3.154261 | D10: 3.0967738 | E10: =IF(F10=1,100*(C10-D10),"") -> 5.7487238 | F10: 1
A11: -18 | B11: 40448 | C11: 3.084436 | D11: 3.0286886 | E11: =IF(F11=1,100*(C11-D11),"") -> 5.5747355 | F11: 1
A12: -17 | B12: 40449 | C12: 3.041095 | D12: 2.9866461 | E12: =IF(F12=1,100*(C12-D12),"") -> 5.4448852 | F12: 1
A13: -16 | B13: 40450 | C13: 3.018266 | D13: 2.9613644 | E13: =IF(F13=1,100*(C13-D13),"") -> 5.6901625 | F13: 1
A14: -15 | B14: 40451 | C14: 3.058923 | D14: 3.0022678 | E14: =IF(F14=1,100*(C14-D14),"") -> 5.6655248 | F14: 1
A15: -14 | B15: 40452 | C15: 3.080056 | D15: 3.0235688 | E15: =IF(F15=1,100*(C15-D15),"") -> 5.6487197 | F15: 1
A16: -13 | B16: 40455 | C16: 3.035535 | D16: 2.9820274 | E16: =IF(F16=1,100*(C16-D16),"") -> 5.3507646 | F16: 1
A17: -12 | B17: 40456 | C17: 3.069478 | D17: 3.0162871 | E17: =IF(F17=1,100*(C17-D17),"") -> 5.3190933 | F17: 1
A18: -11 | B18: 40457 | C18: 3.001183 | D18: 2.9486365 | E18: =IF(F18=1,100*(C18-D18),"") -> 5.2546463 | F18: 1
A19: -10 | B19: 40458 | C19: 3.03275 | D19: 2.9792116 | E19: =IF(F19=1,100*(C19-D19),"") -> 5.3538441 | F19: 1
A20: -9 | B20: 40459 | C20: 2.966538 | D20: 2.9136022 | E20: =IF(F20=1,100*(C20-D20),"") -> 5.2935793 | F20: 1
A21: -8 | B21: 40462 | C21: 2.985569 | D21: 2.9333756 | E21: =IF(F21=1,100*(C21-D21),"") -> 5.2193434 | F21: 1
... A23: -6 | B23: 40464 | C23: 2.987469 | D23: 2.9302909 | E23: =IF(F23=1,100*(C23-D23),"") -> 5.7178111 | F23: 1
A25: Valid days (need ≥ 10) | B25: =SUM(F4:F23) -> 14
A26: Baseline = mean residual (bp) | B26: =IF(B25>=10,AVERAGEIF(F4:F23,1,E4:E23),"n/a") -> 5.4827097
A27: M1 (bp), from the M1 sheet | B27: ='A2 M1'!B47 -> 2.186227
A28: M1b (bp) = M1 - baseline | B28: =IF(B25>=10,B27-B26,"n/a") -> -3.2964827
A29: Python M1b (bp), for comparison | B29: -3.2964828
A30: Python note

Sheet A2 control
A1: A2: control maturities = BoE points 2-30y more than 3y from the gilt's 9.88y to maturity (35 points). Top: z (%); bottom: daily change (bp).
A3: k | B3: Date | C3: z 2y | D3: z 2.5y | E3: z 3y | F3: z 3.5y | G3: z 4y | H3: z 4.5y | I3: z 5y | J3: z 5.5y | K3: z 6y | L3: z 6.5y | M3: z 13y | N3: z 13.5y | O3: z 14y | P3: z 14.5y | Q3: z 15y | R3: z 15.5y | S3: z 16y | T3: z 16.5y | U3: z 17y | V3: z 17.5y | W3: z 18y | X3: z 18.5y | Y3: z 19y | Z3: z 19.5y | AA3: z 20y | AB3: z 20.5y | AC3: z 21y | AD3: z 21.5y | AE3: z 22y | AF3: z 22.5y | AG3: z 23y | AH3: z 23.5y | AI3: z 24y | AJ3: z 24.5y | AK3: z 25y
A4: -121 | B4: 40298 | C4: 1.2580122 | D4: 1.5535977 | E4: 1.8302588 | F4: 2.0872436 | G4: 2.3258397 | H4: 2.5474895 | I4: 2.7534295 | J4: 2.9446567 | K4: 3.1219581 | L4: 3.2859711 | M4: 4.4426027 | N4: 4.4765023 | O4: 4.5054576 | P4: 4.5299903 | Q4: 4.5506057 | R4: 4.5677869 | S4: 4.5819733 | T4: 4.5935608 | U4: 4.6029075 | V4: 4.6103396 | W4: 4.6161553 | X4: 4.6206203 | Y4: 4.6239557 | Z4: 4.6263424 | AA4: 4.6279288 | AB4: 4.6288354 | AC4: 4.6291584 | AD4: 4.6289719 | AE4: 4.6283301 | AF4: 4.6272695 | AG4: 4.6258127 | AH4: 4.6239747 | AI4: 4.6217641 | AJ4: 4.619184 | AK4: 4.6162349
A5: -120 | B5: 40302 | C5: 1.228425 | D5: 1.5187132 | E5: 1.7911187 | F5: 2.0442004 | G5: 2.2789836 | H5: 2.4968459 | I5: 2.6990486 | J5: 2.886647 | K5: 3.0604946 | L5: 3.2212859 | M5: 4.3598744 | N5: 4.3936228 | O5: 4.4225179 | P5: 4.4470705 | Q5: 4.4677767 | R5: 4.4851111 | S5: 4.4995058 | T5: 4.5113503 | U5: 4.5209975 | V5: 4.5287689 | W5: 4.5349588 | X5: 4.5398294 | Y5: 4.5435987 | Z5: 4.5464448 | AA5: 4.5485137 | AB5: 4.5499235 | AC5: 4.5507681 | AD5: 4.5511196 | AE5: 4.5510302 | AF5: 4.5505342 | AG5: 4.5496524 | AH5: 4.5483976 | AI5: 4.5467764 | AJ5: 4.5447902 | AK5: 4.5424373
A6: -119 | B6: 40303 | C6: 1.2064234 | D6: 1.4947954 | E6: 1.7662466 | F6: 2.0189667 | G6: 2.2537717 | H6: 2.4718952 | I6: 2.6744911 | J6: 2.8625316 | K6: 3.0368074 | L6: 3.1979694 | M6: 4.3396073 | N6: 4.3740994 | O6: 4.4038269 | P6: 4.4292899 | Q6: 4.450972 | R6: 4.4693351 | S6: 4.4847993 | T6: 4.4977435 | U6: 4.5085113 | V6: 4.5174156 | W6: 4.524743 | X6: 4.5307485 | Y6: 4.5356438 | Z6: 4.5396011 | AA6: 4.5427612 | AB6: 4.5452377 | AC6: 4.5471208 | AD6: 4.5484791 | AE6: 4.5493622 | AF6: 4.5498021 | AG6: 4.5498181 | AH6: 4.5494217 | AI6: 4.5486187 | AJ6: 4.54741 | AK6: 4.5457938
A7: -118 | B7: 40304 | C7: 1.2164453 | D7: 1.5031654 | E7: 1.7724658 | F7: 2.0228363 | G7: 2.2552227 | H7: 2.4709206 | I7: 2.6711198 | J7: 2.8568195 | K7: 3.0288337 | L7: 3.1878327 | M7: 4.3115689 | N7: 4.3453129 | O7: 4.3743544 | P7: 4.3991879 | Q7: 4.4202917 | R7: 4.438122 | S7: 4.453094 | T7: 4.4655819 | U7: 4.4759246 | V7: 4.484431 | W7: 4.491384 | X7: 4.497035 | Y7: 4.5015925 | Z7: 4.505226 | AA7: 4.5080742 | AB7: 4.5102489 | AC7: 4.5118387 | AD7: 4.5129111 | AE7: 4.5135149 | AF7: 4.5136817 | AG7: 4.5134302 | AH7: 4.5127721 | AI7: 4.5117135 | AJ7: 4.5102555 | AK7: 4.5083969
A8: -117 | B8: 40305 | C8: 1.2321721 | D8: 1.5183368 | E8: 1.7879669 | F8: 2.0394097 | G8: 2.273459 | H8: 2.4912682 | I8: 2.6938919 | J8: 2.8821952 | K8: 3.0568618 | L8: 3.2184384 | M8: 4.3471756 | N8: 4.3793409 | O8: 4.4066804 | P8: 4.4297211 | Q8: 4.4489726 | R8: 4.4649197 | S8: 4.4780016 | T8: 4.4886123 | U8: 4.4971071 | V8: 4.503808 | W8: 4.5090082 | X8: 4.5129668 | Y8: 4.5158974 | Z8: 4.5179724 | AA8: 4.5193317 | AB8: 4.5200869 | AC8: 4.5203248 | AD8: 4.5201106 | AE8: 4.5194895 | AF8: 4.5184896 | AG8: 4.517126 | AH8: 4.5154068 | AI8: 4.513335 | AJ8: 4.5109089 | AK8: 4.5081246
A9: -116 | B9: 40308 | C9: 1.2782545 | D9: 1.5737036 | E9: 1.850168 | F9: 2.1068605 | G9: 2.3450312 | H9: 2.5660912 | I9: 2.7712647 | J9: 2.9615533 | K9: 3.1377601 | L9: 3.3005323 | M9: 4.4384383 | N9: 4.4716121 | O9: 4.5000005 | P9: 4.5241185 | Q9: 4.5444626 | R9: 4.5615043 | S9: 4.5756711 | T9: 4.5873463 | U9: 4.5968762 | V9: 4.6045747 | W9: 4.6107281 | X9: 4.6155895 | Y9: 4.6193682 | Z9: 4.6222339 | AA9: 4.6243248 | AB9: 4.6257521 | AC9: 4.6266031 | AD9: 4.626944 | AE9: 4.6268221 | AF9: 4.6262678 | AG9: 4.6252991 | AH9: 4.6239272 | AI9: 4.6221584 | AJ9: 4.619994 | AK9: 4.6174336
A10: -115 | B10: 40309 | C10: 1.2712518 | D10: 1.5610236 | E10: 1.8331697 | F10: 2.0863528 | G10: 2.3214933 | H10: 2.5398447 | I10: 2.742573 | J10: 2.930674 | K10: 3.1049751 | L10: 3.2661646 | M10: 4.418996 | N10: 4.45508 | O10: 4.4863805 | P10: 4.5133673 | Q10: 4.5364944 | R10: 4.5561955 | S10: 4.5728676 | T10: 4.586872 | U10: 4.5985393 | V10: 4.6081735 | W10: 4.6160562 | X10: 4.6224401 | Y10: 4.6275389 | Z10: 4.6315308 | AA10: 4.6345657 | AB10: 4.6367687 | AC10: 4.6382436 | AD10: 4.6390745 | AE10: 4.6393274 | AF10: 4.6390519 | AG10: 4.6382852 | AH10: 4.6370567 | AI10: 4.6353897 | AJ10: 4.6333019 | AK10: 4.6308077
A11: -114 | B11: 40310 | C11: 1.1988085 | D11: 1.4856103 | E11: 1.7578653 | F11: 2.0128535 | G11: 2.2506176 | H11: 2.471871 | I11: 2.6774742 | J11: 2.8682721 | K11: 3.0450329 | L11: 3.2084367 | M11: 4.3815138 | N11: 4.4193066 | O11: 4.4523687 | P11: 4.4811631 | Q11: 4.5061358 | R11: 4.527711 | S11: 4.5462757 | T11: 4.562181 | U11: 4.5757467 | V11: 4.5872663 | W11: 4.59701 | X11: 4.6052195 | Y11: 4.6120973 | Z11: 4.6178108 | AA11: 4.6224994 | AB11: 4.6262789 | AC11: 4.6292438 | AD11: 4.6314699 | AE11: 4.633016 | AF11: 4.6339252 | AG11: 4.6342296 | AH11: 4.6339547 | AI11: 4.6331211 | AJ11: 4.6317451 | AK11: 4.6298409
A12: -113 | B12: 40311 | C12: 1.1415518 | D12: 1.42059 | E12: 1.6906177 | F12: 1.9471682 | G12: 2.1890602 | H12: 2.4161351 | I12: 2.6286026 | J12: 2.8268003 | K12: 3.0110952 | L12: 3.1818558 | M12: 4.402475 | N12: 4.4410502 | O12: 4.4746613 | P12: 4.5037969 | Q12: 4.528927 | R12: 4.5504976 | S12: 4.5689157 | T12: 4.5845503 | U12: 4.5977378 | V12: 4.6087868 | W12: 4.6179818 | X12: 4.6255772 | Y12: 4.6317878 | Z12: 4.6367921 | AA12: 4.64074 | AB12: 4.6437567 | AC12: 4.6459458 | AD12: 4.6473912 | AE12: 4.6481589 | AF12: 4.6482989 | AG12: 4.6478494 | AH12: 4.6468414 | AI12: 4.6453004 | AJ12: 4.6432472 | AK12: 4.6407
A13: -112 | B13: 40312 | C13: 1.0883679 | D13: 1.3501006 | E13: 1.608596 | F13: 1.8577853 | G13: 2.0952862 | H13: 2.3201047 | I13: 2.5318638 | J13: 2.730473 | K13: 2.9159768 | L13: 3.0884899 | M13: 4.3314362 | N13: 4.3707281 | O13: 4.4049616 | P13: 4.4346418 | Q13: 4.4602545 | R13: 4.4822606 | S13: 4.5010792 | T13: 4.5170892 | U13: 4.5306353 | V13: 4.5420326 | W13: 4.5515704 | X13: 4.5595069 | Y13: 4.5660584 | Z13: 4.5714041 | AA13: 4.5756938 | AB13: 4.5790521 | AC13: 4.5815813 | AD13: 4.5833639 | AE13: 4.5844645 | AF13: 4.584932 | AG13: 4.5848032 | AH13: 4.5841083 | AI13: 4.5828722 | AJ13: 4.5811151 | AK13: 4.578855
A14: -111 | B14: 40315 | C14: 1.0610154 | D14: 1.3201411 | E14: 1.5770977 | F14: 1.8257181 | G14: 2.0634935 | H14: 2.2892883 | I14: 2.5025793 | J14: 2.7031344 | K14: 2.890866 | L14: 3.0657681 | M14: 4.3307591 | N14: 4.3707436 | O14: 4.4055656 | P14: 4.4357425 | Q14: 4.4617724 | R14: 4.484128 | S14: 4.5032395 | T14: 4.519496 | U14: 4.5332513 | V14: 4.5448292 | W14: 4.5545272 | X14: 4.5626103 | Y14: 4.5693009 | Z14: 4.5747829 | AA14: 4.5792102 | AB14: 4.5827106 | AC14: 4.5853891 | AD14: 4.58733 | AE14: 4.5885995 | AF14: 4.5892474 | AG14: 4.5893109 | AH14: 4.5888207 | AI14: 4.5878015 | AJ14: 4.5862733 | AK14: 4.5842535
A15: -110 | B15: 40316 | C15: 1.0761647 | D15: 1.3335737 | E15: 1.5889609 | F15: 1.8363273 | G15: 2.0731466 | H15: 2.2982243 | I15: 2.5109767 | J15: 2.7111243 | K15: 2.8985475 | L15: 3.0732152 | M15: 4.3373596 | N15: 4.3774527 | O15: 4.4124185 | P15: 4.4427758 | Q15: 4.4690244 | R15: 4.4916386 | S15: 4.51105 | T15: 4.527649 | U15: 4.5417912 | V15: 4.5538017 | W15: 4.5639794 | X15: 4.5725907 | Y15: 4.5798583 | Z15: 4.5859664 | AA15: 4.5910683 | AB15: 4.5952909 | AC15: 4.5987378 | AD15: 4.6014914 | AE15: 4.6036158 | AF15: 4.6051576 | AG15: 4.6061514 | AH15: 4.6066242 | AI15: 4.6065972 | AJ15: 4.6060867 | AK15: 4.6051065
... A135: 10 | B135: 40486 | C135: 0.77594749 | D135: 0.91625428 | E135: 1.0769056 | F135: 1.2491167 | G135: 1.4263256 | H135: 1.6040872 | I135: 1.7795073 | J135: 1.9506973 | K135: 2.1163757 | L135: 2.2756403 | M135: 3.6786301 | N135: 3.7421359 | O135: 3.8009512 | P135: 3.8553762 | Q135: 3.9056968 | R135: 3.9521776 | S135: 3.9950584 | T135: 4.0345566 | U135: 4.0708709 | V135: 4.1041845 | W135: 4.1346692 | X135: 4.162491 | Y135: 4.1878102 | Z135: 4.2107821 | AA135: 4.231557 | AB135: 4.2502811 | AC135: 4.2670968 | AD135: 4.2821432 | AE135: 4.2955563 | AF135: 4.3074664 | AG135: 4.3179958 | AH135: 4.327259 | AI135: 4.3353638 | AJ135: 4.3424115 | AK135: 4.3484957
A138: k | B138: Date | C138: Δz 2y (bp) | D138: Δz 2.5y (bp) | E138: Δz 3y (bp) | F138: Δz 3.5y (bp) | G138: Δz 4y (bp) | H138: Δz 4.5y (bp) | I138: Δz 5y (bp) | J138: Δz 5.5y (bp) | K138: Δz 6y (bp) | L138: Δz 6.5y (bp) | M138: Δz 13y (bp) | N138: Δz 13.5y (bp) | O138: Δz 14y (bp) | P138: Δz 14.5y (bp) | Q138: Δz 15y (bp) | R138: Δz 15.5y (bp) | S138: Δz 16y (bp) | T138: Δz 16.5y (bp) | U138: Δz 17y (bp) | V138: Δz 17.5y (bp) | W138: Δz 18y (bp) | X138: Δz 18.5y (bp) | Y138: Δz 19y (bp) | Z138: Δz 19.5y (bp) | AA138: Δz 20y (bp) | AB138: Δz 20.5y (bp) | AC138: Δz 21y (bp) | AD138: Δz 21.5y (bp) | AE138: Δz 22y (bp) | AF138: Δz 22.5y (bp) | AG138: Δz 23y (bp) | AH138: Δz 23.5y (bp) | AI138: Δz 24y (bp) | AJ138: Δz 24.5y (bp) | AK138: Δz 25y (bp) | AL138: Control Δc = average (bp)
A139: =A5 -> -120 | B139: =B5 -> 40302 | C139: =100*(C5-C4) -> -2.9587183 | D139: =100*(D5-D4) -> -3.4884487 | E139: =100*(E5-E4) -> -3.91401 | F139: =100*(F5-F4) -> -4.304319 | G139: =100*(G5-G4) -> -4.6856035 | H139: =100*(H5-H4) -> -5.0643573 | I139: =100*(I5-I4) -> -5.4380959 | J139: =100*(J5-J4) -> -5.8009647 | ... AK139: =100*(AK5-AK4) -> -7.3797566 | AL139: =AVERAGE(C139:AK139) -> -7.0673938
A140: =A6 -> -119 | B140: =B6 -> 40303 | C140: =100*(C6-C5) -> -2.2001598 | D140: =100*(D6-D5) -> -2.3917819 | E140: =100*(E6-E5) -> -2.487211 | F140: =100*(F6-F5) -> -2.523364 | G140: =100*(G6-G5) -> -2.5211927 | H140: =100*(H6-H5) -> -2.4950728 | I140: =100*(I6-I5) -> -2.4557514 | J140: =100*(J6-J5) -> -2.4115413 | ... AK140: =100*(AK6-AK5) -> 0.3356525 | AL140: =AVERAGE(C140:AK140) -> -1.2773524
A141: =A7 -> -118 | B141: =B7 -> 40304 | C141: =100*(C7-C6) -> 1.0021873 | D141: =100*(D7-D6) -> 0.83700016 | E141: =100*(E7-E6) -> 0.62192041 | F141: =100*(F7-F6) -> 0.38695703 | G141: =100*(G7-G6) -> 0.14510084 | H141: =100*(H7-H6) -> -0.097458895 | I141: =100*(I7-I6) -> -0.33712128 | J141: =100*(J7-J6) -> -0.57121219 | ... AK141: =100*(AK7-AK6) -> -3.7396971 | AL141: =AVERAGE(C141:AK141) -> -2.3955839
A142: =A8 -> -117 | B142: =B8 -> 40305 | C142: =100*(C8-C7) -> 1.5726773 | D142: =100*(D8-D7) -> 1.5171457 | E142: =100*(E8-E7) -> 1.5501174 | F142: =100*(F8-F7) -> 1.6573405 | G142: =100*(G8-G7) -> 1.8236266 | H142: =100*(H8-H7) -> 2.0347608 | I142: =100*(I8-I7) -> 2.277204 | J142: =100*(J8-J7) -> 2.5375691 | ... AK142: =100*(AK8-AK7) -> -0.027231957 | AL142: =AVERAGE(C142:AK142) -> 1.7180353
A143: =A9 -> -116 | B143: =B9 -> 40308 | C143: =100*(C9-C8) -> 4.6082422 | D143: =100*(D9-D8) -> 5.5366749 | E143: =100*(E9-E8) -> 6.220111 | F143: =100*(F9-F8) -> 6.7450787 | G143: =100*(G9-G8) -> 7.1572242 | H143: =100*(H9-H8) -> 7.4823041 | I143: =100*(I9-I8) -> 7.737283 | J143: =100*(J9-J8) -> 7.9358104 | ... AK143: =100*(AK9-AK8) -> 10.930909 | AL143: =AVERAGE(C143:AK143) -> 9.2924319
A144: =A10 -> -115 | B144: =B10 -> 40309 | C144: =100*(C10-C9) -> -0.70026638 | D144: =100*(D10-D9) -> -1.2679952 | E144: =100*(E10-E9) -> -1.6998355 | F144: =100*(F10-F9) -> -2.0507657 | G144: =100*(G10-G9) -> -2.3537945 | H144: =100*(H10-H9) -> -2.624653 | I144: =100*(I10-I9) -> -2.8691701 | J144: =100*(J10-J9) -> -3.0879297 | ... AK144: =100*(AK10-AK9) -> 1.3374026 | AL144: =AVERAGE(C144:AK144) -> -0.39812019
A145: =A11 -> -114 | B145: =B11 -> 40310 | C145: =100*(C11-C10) -> -7.2443347 | D145: =100*(D11-D10) -> -7.5413309 | E145: =100*(E11-E10) -> -7.5304381 | F145: =100*(F11-F10) -> -7.3499339 | G145: =100*(G11-G10) -> -7.0875713 | H145: =100*(H11-H10) -> -6.7973732 | I145: =100*(I11-I10) -> -6.5098776 | J145: =100*(J11-J10) -> -6.2401883 | ... AK145: =100*(AK11-AK10) -> -0.096678495 | AL145: =AVERAGE(C145:AK145) -> -3.1484415
A146: =A12 -> -113 | B146: =B12 -> 40311 | C146: =100*(C12-C11) -> -5.7256694 | D146: =100*(D12-D11) -> -6.5020373 | E146: =100*(E12-E11) -> -6.7247571 | F146: =100*(F12-F11) -> -6.5685315 | G146: =100*(G12-G11) -> -6.1557401 | H146: =100*(H12-H11) -> -5.573588 | I146: =100*(I12-I11) -> -4.8871592 | J146: =100*(J12-J11) -> -4.1471804 | ... AK146: =100*(AK12-AK11) -> 1.0859091 | AL146: =AVERAGE(C146:AK146) -> -0.1792259
A147: =A13 -> -112 | B147: =B13 -> 40312 | C147: =100*(C13-C12) -> -5.3183826 | D147: =100*(D13-D12) -> -7.0489356 | E147: =100*(E13-E12) -> -8.2021751 | F147: =100*(F13-F12) -> -8.9382901 | G147: =100*(G13-G12) -> -9.3773955 | H147: =100*(H13-H12) -> -9.6030424 | I147: =100*(I13-I12) -> -9.6738861 | J147: =100*(J13-J12) -> -9.6327278 | ... AK147: =100*(AK13-AK12) -> -6.1844951 | AL147: =AVERAGE(C147:AK147) -> -7.1819991
A148: =A14 -> -111 | B148: =B14 -> 40315 | C148: =100*(C14-C13) -> -2.7352547 | D148: =100*(D14-D13) -> -2.9959517 | E148: =100*(E14-E13) -> -3.1498336 | F148: =100*(F14-F13) -> -3.2067239 | G148: =100*(G14-G13) -> -3.1792665 | H148: =100*(H14-H13) -> -3.0816361 | I148: =100*(I14-I13) -> -2.928447 | J148: =100*(J14-J13) -> -2.7338622 | ... AK148: =100*(AK14-AK13) -> 0.5398435 | AL148: =AVERAGE(C148:AK148) -> -0.60784933
A149: =A15 -> -110 | B149: =B15 -> 40316 | C149: =100*(C15-C14) -> 1.5149313 | D149: =100*(D15-D14) -> 1.3432641 | E149: =100*(E15-E14) -> 1.1863238 | F149: =100*(F15-F14) -> 1.0609254 | G149: =100*(G15-G14) -> 0.96530384 | H149: =100*(H15-H14) -> 0.89360046 | I149: =100*(I15-I14) -> 0.8397361 | J149: =100*(J15-J14) -> 0.7989928 | ... AK149: =100*(AK15-AK14) -> 2.0853022 | AL149: =AVERAGE(C149:AK149) -> 1.1278521
A150: =A16 -> -109 | B150: =B16 -> 40317 | C150: =100*(C16-C15) -> -4.0541424 | D150: =100*(D16-D15) -> -5.3631465 | E150: =100*(E16-E15) -> -6.4100501 | F150: =100*(F16-F15) -> -7.2279131 | G150: =100*(G16-G15) -> -7.8558649 | H150: =100*(H16-H15) -> -8.3289577 | I150: =100*(I16-I15) -> -8.6766984 | J150: =100*(J16-J15) -> -8.9234887 | ... AK150: =100*(AK16-AK15) -> -8.1585103 | AL150: =AVERAGE(C150:AK150) -> -8.1479114
... A269: =A135 -> 10 | B269: =B135 -> 40486 | C269: =100*(C135-C134) -> -2.9546059 | D269: =100*(D135-D134) -> -3.4295928 | E269: =100*(E135-E134) -> -3.8155851 | F269: =100*(F135-F134) -> -4.1351743 | G269: =100*(G135-G134) -> -4.3960319 | H269: =100*(H135-H134) -> -4.6027829 | I269: =100*(I135-I134) -> -4.7595701 | J269: =100*(J135-J134) -> -4.8703945 | ... AK269: =100*(AK135-AK134) -> 0.66458859 | AL269: =AVERAGE(C269:AK269) -> -1.8698411

Sheet A2 M2
A1: A2: 3¾% Treasury Gilt 2020, auction 21 Oct 2010 - M2 with control B-β (decision #13)
A3: k | B3: Date | C3: Model yield y (%) | D3: Δy (bp) | E3: Δc (bp), from control sheet | F3: In β window (1/0) | G3: AR B-β = Δy - β·Δc | H3: CAR B-β (base T-6) | I3: AR B (β = 1) | J3: CAR B | K3: Raw cumulative Δy
A4: -121 | B4: 40298 | C4: 4.0003259 | F4: 0
A5: -120 | B5: 40302 | C5: 3.9231928 | D5: =100*(C5-C4) -> -7.7133152 | E5: ='A2 control'!AL139 -> -7.0673938 | F5: 1
A6: -119 | B6: 40303 | C6: 3.9003658 | D6: =100*(C6-C5) -> -2.2826966 | E6: ='A2 control'!AL140 -> -1.2773524 | F6: 1
A7: -118 | B7: 40304 | C7: 3.8800251 | D7: =100*(C7-C6) -> -2.0340724 | E7: ='A2 control'!AL141 -> -2.3955839 | F7: 1
A8: -117 | B8: 40305 | C8: 3.9189638 | D8: =100*(C8-C7) -> 3.8938698 | E8: ='A2 control'!AL142 -> 1.7180353 | F8: 1
A9: -116 | B9: 40308 | C9: 4.0049311 | D9: =100*(C9-C8) -> 8.5967328 | E9: ='A2 control'!AL143 -> 9.2924319 | F9: 1
A10: -115 | B10: 40309 | C10: 3.9721514 | D10: =100*(C10-C9) -> -3.2779763 | E10: ='A2 control'!AL144 -> -0.39812019 | F10: 1
A11: -114 | B11: 40310 | C11: 3.9235318 | D11: =100*(C11-C10) -> -4.8619614 | E11: ='A2 control'!AL145 -> -3.1484415 | F11: 1
A12: -113 | B12: 40311 | C12: 3.9279661 | D12: =100*(C12-C11) -> 0.44343846 | E12: ='A2 control'!AL146 -> -0.1792259 | F12: 1
A13: -112 | B13: 40312 | C13: 3.8484263 | D13: =100*(C13-C12) -> -7.9539844 | E13: ='A2 control'!AL147 -> -7.1819991 | F13: 1
A14: -111 | B14: 40315 | C14: 3.8389614 | D14: =100*(C14-C13) -> -0.9464896 | E14: ='A2 control'!AL148 -> -0.60784933 | F14: 1
A15: -110 | B15: 40316 | C15: 3.845909 | D15: =100*(C15-C14) -> 0.6947596 | E15: ='A2 control'!AL149 -> 1.1278521 | F15: 1
A16: -109 | B16: 40317 | C16: 3.7559735 | D16: =100*(C16-C15) -> -8.993554 | E16: ='A2 control'!AL150 -> -8.1479114 | F16: 1
... A114: -11 | B114: 40457 | C114: 2.9486365 | D114: =100*(C114-C113) -> -6.765053 | E114: ='A2 control'!AL248 -> -3.6677258 | F114: 0
A115: -10 | B115: 40458 | C115: 2.9792116 | D115: =100*(C115-C114) -> 3.0575022 | E115: ='A2 control'!AL249 -> 2.8850581 | F115: 0 | G115: =D115-$B$137*E115 -> 0.051516416 | H115: =H116-G116 -> 4.5546704 | I115: =D115-E115 -> 0.17244409 | J115: =J116-I116 -> 4.5682435 | K115: =K116-D116 -> 4.892067
A116: -9 | B116: 40459 | C116: 2.9136022 | D116: =100*(C116-C115) -> -6.5609352 | E116: ='A2 control'!AL250 -> -5.0721371 | F116: 0 | G116: =D116-$B$137*E116 -> -1.2761987 | H116: =H117-G117 -> 3.2784717 | I116: =D116-E116 -> -1.4887981 | J116: =J117-I117 -> 3.0794454 | K116: =K117-D117 -> -1.6688682
A117: -8 | B117: 40462 | C117: 2.9333756 | D117: =100*(C117-C116) -> 1.9773359 | E117: ='A2 control'!AL251 -> 3.5424386 | F117: 0 | G117: =D117-$B$137*E117 -> -1.7135846 | H117: =H118-G118 -> 1.5648871 | I117: =D117-E117 -> -1.5651027 | J117: =J118-I118 -> 1.5143427 | K117: =K118-D118 -> 0.30846769
A118: -7 | B118: 40463 | C118: 2.897857 | D118: =100*(C118-C117) -> -3.5518588 | E118: ='A2 control'!AL252 -> -1.7164386 | F118: 0 | G118: =D118-$B$137*E118 -> -1.7634754 | H118: =H119-G119 -> -0.19858828 | I118: =D118-E118 -> -1.8354202 | J118: =J119-I119 -> -0.32107753 | K118: =K119-D119 -> -3.2433911
A119: -6 | B119: 40464 | C119: 2.9302909 | D119: =100*(C119-C118) -> 3.2433911 | E119: ='A2 control'!AL253 -> 2.9223136 | F119: 0 | G119: =D119-$B$137*E119 -> 0.19858828 | H119: 0 | I119: =D119-E119 -> 0.32107753 | J119: 0 | K119: 0
A120: -5 | B120: 40465 | C120: 2.9299827 | D120: =100*(C120-C119) -> -0.030813971 | E120: ='A2 control'!AL254 -> 0.13135032 | F120: 0 | G120: =D120-$B$137*E120 -> -0.16766986 | H120: =H119+G120 -> -0.16766986 | I120: =D120-E120 -> -0.16216429 | J120: =J119+I120 -> -0.16216429 | K120: =K119+D120 -> -0.030813971
A121: -4 | B121: 40466 | C121: 2.9925805 | D121: =100*(C121-C120) -> 6.2597737 | E121: ='A2 control'!AL255 -> 7.1224918 | F121: 0 | G121: =D121-$B$137*E121 -> -1.1612584 | H121: =H120+G121 -> -1.3289283 | I121: =D121-E121 -> -0.86271805 | J121: =J120+I121 -> -1.0248823 | K121: =K120+D121 -> 6.2289597
A122: -3 | B122: 40469 | C122: 3.0129235 | D122: =100*(C122-C121) -> 2.0343005 | E122: ='A2 control'!AL256 -> 1.1580546 | F122: 0 | G122: =D122-$B$137*E122 -> 0.82770587 | H122: =H121+G122 -> -0.50122243 | I122: =D122-E122 -> 0.87624592 | J122: =J121+I122 -> -0.14863642 | K122: =K121+D122 -> 8.2632603
A123: -2 | B123: 40470 | C123: 3.051078 | D123: =100*(C123-C122) -> 3.8154498 | E123: ='A2 control'!AL257 -> 3.9528502 | F123: 0 | G123: =D123-$B$137*E123 -> -0.3030848 | H123: =H122+G123 -> -0.80430723 | I123: =D123-E123 -> -0.13740044 | J123: =J122+I123 -> -0.28603686 | K123: =K122+D123 -> 12.07871
A124: -1 | B124: 40471 | C124: 3.0340966 | D124: =100*(C124-C123) -> -1.6981399 | E124: ='A2 control'!AL258 -> -2.2174696 | F124: 0 | G124: =D124-$B$137*E124 -> 0.61227529 | H124: =H123+G124 -> -0.19203193 | I124: =D124-E124 -> 0.5193297 | J124: =J123+I124 -> 0.23329283 | K124: =K123+D124 -> 10.38057
A125: 0 | B125: 40472 | C125: 2.9814279 | D125: =100*(C125-C124) -> -5.266874 | E125: ='A2 control'!AL259 -> -5.1183157 | F125: 0 | G125: =D125-$B$137*E125 -> 0.065976741 | H125: =H124+G125 -> -0.12605519 | I125: =D125-E125 -> -0.14855829 | J125: =J124+I125 -> 0.084734547 | K125: =K124+D125 -> 5.1136961
A126: 1 | B126: 40473 | C126: 2.997675 | D126: =100*(C126-C125) -> 1.6247183 | E126: ='A2 control'!AL260 -> 2.5992073 | F126: 0 | G126: =D126-$B$137*E126 -> -1.0834352 | H126: =H125+G126 -> -1.2094904 | I126: =D126-E126 -> -0.97448904 | J126: =J125+I126 -> -0.8897545 | K126: =K125+D126 -> 6.7384144
A127: 2 | B127: 40476 | C127: 2.9696377 | D127: =100*(C127-C126) -> -2.8037323 | E127: ='A2 control'!AL261 -> -2.6185783 | F127: 0 | G127: =D127-$B$137*E127 -> -0.075395848 | H127: =H126+G127 -> -1.2848863 | I127: =D127-E127 -> -0.18515398 | J127: =J126+I127 -> -1.0749085 | K127: =K126+D127 -> 3.9346822
A128: 3 | B128: 40477 | C128: 3.1037887 | D128: =100*(C128-C127) -> 13.415104 | E128: ='A2 control'!AL262 -> 9.749341 | F128: 0 | G128: =D128-$B$137*E128 -> 3.2571177 | H128: =H127+G128 -> 1.9722314 | I128: =D128-E128 -> 3.6657629 | J128: =J127+I128 -> 2.5908544 | K128: =K127+D128 -> 17.349786
A129: 4 | B129: 40478 | C129: 3.1990762 | D129: =100*(C129-C128) -> 9.5287489 | E129: ='A2 control'!AL263 -> 9.2410268 | F129: 0 | G129: =D129-$B$137*E129 -> -0.099617016 | H129: =H128+G129 -> 1.8726144 | I129: =D129-E129 -> 0.28772212 | J129: =J128+I129 -> 2.8785766 | K129: =K128+D129 -> 26.878535
A130: 5 | B130: 40479 | C130: 3.1963941 | D130: =100*(C130-C129) -> -0.26821267 | E130: ='A2 control'!AL264 -> 0.1807931 | F130: 0 | G130: =D130-$B$137*E130 -> -0.45658374 | H130: =H129+G130 -> 1.4160307 | I130: =D130-E130 -> -0.44900577 | J130: =J129+I130 -> 2.4295708 | K130: =K129+D130 -> 26.610322
A131: 6 | B131: 40480 | C131: 3.1286152 | D131: =100*(C131-C130) -> -6.7778931 | E131: ='A2 control'!AL265 -> -6.0994683 | F131: 0 | G131: =D131-$B$137*E131 -> -0.42276464 | H131: =H130+G131 -> 0.99326604 | I131: =D131-E131 -> -0.67842483 | J131: =J130+I131 -> 1.751146 | K131: =K130+D131 -> 19.832429
... A135: 10 | B135: 40486 | C135: 3.0046179 | D135: =100*(C135-C134) -> -4.5133214 | E135: ='A2 control'!AL269 -> -1.8698411 | F135: 0 | G135: =D135-$B$137*E135 -> -2.5651056 | H135: =H134+G135 -> -3.006127 | I135: =D135-E135 -> -2.6434803 | J135: =J134+I135 -> -2.5861839 | K135: =K134+D135 -> 7.4327008
A137: β = SLOPE(Δy, Δc) over k = -120..-21 | B137: =SLOPE(D5:D104,E5:E104) -> 1.0419152
A138: α (estimated, not subtracted) | B138: =INTERCEPT(D5:D104,E5:E104) -> -0.31671956
A139: R² | B139: =RSQ(D5:D104,E5:E104) -> 0.92524878
A140: Observations | B140: =COUNT(D5:D104) -> 100
A141: Python β, for comparison | B141: 1.0419152
A143: The PM's three numbers (bp) | B143: B-β (main) | C143: B (β = 1) | D143: Raw (no control) | E143: Python B-β
A144: Pre-auction cheapening, CAR(T-1) - CAR(T-6) | B144: =H124-H119 -> -0.19203193 | C144: =J124-J119 -> 0.23329283 | D144: =K124-K119 -> 10.38057 | E144: -0.19203193
A145: Auction day, CAR(T) - CAR(T-1) | B145: =H125-H124 -> 0.065976741 | C145: =J125-J124 -> -0.14855829 | D145: =K125-K124 -> -5.266874 | E145: 0.065976741
A146: Post-auction, CAR(T+5) - CAR(T) | B146: =H130-H125 -> 1.5420859 | C146: =J130-J125 -> 2.3448362 | D146: =K130-K125 -> 21.496626 | E146: 1.5420859

Sheet A3 M1
A1: A3: 4¼% Treasury Stock 2032, auction 09 Oct 2012 - M1 (spec §7)
A3: Auction date | B3: 41191
A4: Settlement date (DMO issue date) | B4: 41192
A5: Effective settlement (first issue date if later, decision #10) | B5: 41192
A6: Curve date (T-1 close) | B6: 41190
A7: Coupon (% p.a.) | B7: 4.25
A8: Maturity | B8: 48372
A9: First issue date | B9: 36671
A10: First coupon date (source below) | B10: 36867
A11: First coupon source | B11: DMO reference prices (accrued interest)
A12: Accrued interest at settlement (cash_flows) | B12: 1.4515027
A13: Average accepted yield, AAY (% , D2.1A) | B13: 2.661455
A14: Curve: last maturity T (y) | B14: 25
A15: Curve: z(T) (%) | B15: 3.3623788
A16: Curve: BoE forward f(T) (%) | B16: 4.7793808
A19: Cash flow date | B19: Amount per £100 | C19: t = days/365.25 | D19: z(t) % (spline; flat fwd beyond T) | E19: DF = exp(-z/100·t) | F19: PV = amount·DF | G19: Exponent (semi-annual periods) | H19: v^exponent at model yield | I19: PV at model yield | J19: BoE point below | K19: z below | L19: BoE point above | M19: z above | N19: Linear interp. of z (check)
A20: 41250 | B20: 2.125 | C20: =(A20-$B$5)/365.25 -> 0.15879535 | D20: 0.44372927 | E20: =EXP(-D20/100*C20) -> 0.99929563 | F20: =B20*E20 -> 2.1235032 | G20: 0.31693989 | H20: =(1/(1+$B$64/200))^G20 -> 0.99583473 | I20: =B20*H20 -> 2.1161488 | J20: 0.083333 | K20: 0.46444708 | L20: 0.166667 | M20: 0.44144571 | N20: =IF(L20=J20,K20,K20+(M20-K20)*(C20-J20)/(L20-J20)) -> 0.4436184
A21: 41432 | B21: 2.125 | C21: =(A21-$B$5)/365.25 -> 0.65708419 | D21: 0.3485315 | E21: =EXP(-D21/100*C21) -> 0.99771247 | F21: =B21*E21 -> 2.120139 | G21: 1.3169399 | H21: =(1/(1+$B$64/200))^G21 -> 0.98280596 | I21: =B21*H21 -> 2.0884627 | J21: 0.583333 | K21: 0.36071566 | L21: 0.666667 | M21: 0.34680883 | N21: =IF(L21=J21,K21,K21+(M21-K21)*(C21-J21)/(L21-J21)) -> 0.34840801
A22: 41615 | B22: 2.125 | C22: =(A22-$B$5)/365.25 -> 1.1581109 | D22: 0.24514549 | E22: =EXP(-D22/100*C22) -> 0.99716497 | F22: =B22*E22 -> 2.1189756 | G22: 2.3169399 | H22: =(1/(1+$B$64/200))^G22 -> 0.96994766 | I22: =B22*H22 -> 2.0611388 | J22: 1.083333 | K22: 0.25938964 | L22: 1.166667 | M22: 0.24359547 | N22: =IF(L22=J22,K22,K22+(M22-K22)*(C22-J22)/(L22-J22)) -> 0.2452171
A23: 41797 | B23: 2.125 | C23: =(A23-$B$5)/365.25 -> 1.6563997 | D23: 0.18628165 | E23: =EXP(-D23/100*C23) -> 0.99691919 | F23: =B23*E23 -> 2.1184533 | G23: 3.3169399 | H23: =(1/(1+$B$64/200))^G23 -> 0.95725758 | I23: =B23*H23 -> 2.0341724 | J23: 1.583333 | K23: 0.19089078 | L23: 1.666667 | M23: 0.18573936 | N23: =IF(L23=J23,K23,K23+(M23-K23)*(C23-J23)/(L23-J23)) -> 0.18637405
A24: 41980 | B24: 2.125 | C24: =(A24-$B$5)/365.25 -> 2.1574264 | D24: 0.18675961 | E24: =EXP(-D24/100*C24) -> 0.99597891 | F24: =B24*E24 -> 2.1164552 | G24: 4.3169399 | H24: =(1/(1+$B$64/200))^G24 -> 0.94473354 | I24: =B24*H24 -> 2.0075588 | J24: 2.083333 | K24: 0.18356136 | L24: 2.166667 | M24: 0.18722479 | N24: =IF(L24=J24,K24,K24+(M24-K24)*(C24-J24)/(L24-J24)) -> 0.18681857
A25: 42162 | B25: 2.125 | C25: =(A25-$B$5)/365.25 -> 2.6557153 | D25: 0.22986214 | E25: =EXP(-D25/100*C25) -> 0.99391411 | F25: =B25*E25 -> 2.1120675 | G25: 5.3169399 | H25: =(1/(1+$B$64/200))^G25 -> 0.93237334 | I25: =B25*H25 -> 1.9812934 | J25: 2.583333 | K25: 0.2215687 | L25: 2.666667 | M25: 0.23116912 | N25: =IF(L25=J25,K25,K25+(M25-K25)*(C25-J25)/(L25-J25)) -> 0.22990743
A26: 42345 | B26: 2.125 | C26: =(A26-$B$5)/365.25 -> 3.156742 | D26: 0.30165095 | E26: =EXP(-D26/100*C26) -> 0.99052285 | F26: =B26*E26 -> 2.1048611 | G26: 6.3169399 | H26: =(1/(1+$B$64/200))^G26 -> 0.92017486 | I26: =B26*H26 -> 1.9553716 | J26: 3.083333 | K26: 0.28977312 | L26: 3.166667 | M26: 0.30328757 | N26: =IF(L26=J26,K26,K26+(M26-K26)*(C26-J26)/(L26-J26)) -> 0.301678
A27: 42528 | B27: 2.125 | C27: =(A27-$B$5)/365.25 -> 3.6577687 | D27: 0.39198731 | E27: =EXP(-D27/100*C27) -> 0.98576431 | F27: =B27*E27 -> 2.0947492 | G27: 7.3169399 | H27: =(1/(1+$B$64/200))^G27 -> 0.90813598 | I27: =B27*H27 -> 1.929789 | J27: 3.583333 | K27: 0.37769094 | L27: 3.666667 | M27: 0.39371372 | N27: =IF(L27=J27,K27,K27+(M27-K27)*(C27-J27)/(L27-J27)) -> 0.39200281
A28: 42711 | B28: 2.125 | C28: =(A28-$B$5)/365.25 -> 4.1587953 | D28: 0.49400092 | E28: =EXP(-D28/100*C28) -> 0.97966511 | F28: =B28*E28 -> 2.0817884 | G28: 8.3169399 | H28: =(1/(1+$B$64/200))^G28 -> 0.8962546 | I28: =B28*H28 -> 1.904541 | J28: 4.083333 | K28: 0.47809287 | L28: 4.166666 | M28: 0.49566931 | N28: =IF(L28=J28,K28,K28+(M28-K28)*(C28-J28)/(L28-J28)) -> 0.49400925
A29: 42893 | B29: 2.125 | C29: =(A29-$B$5)/365.25 -> 4.6570842 | D29: 0.60240489 | E29: =EXP(-D29/100*C29) -> 0.97233537 | F29: =B29*E29 -> 2.0662127 | G29: 9.3169399 | H29: =(1/(1+$B$64/200))^G29 -> 0.88452867 | I29: =B29*H29 -> 1.8796234 | J29: 4.583333 | K29: 0.58605952 | L29: 4.666666 | M29: 0.60453457 | N29: =IF(L29=J29,K29,K29+(M29-K29)*(C29-J29)/(L29-J29)) -> 0.60241027
A30: 43076 | B30: 2.125 | C30: =(A30-$B$5)/365.25 -> 5.1581109 | D30: 0.71518434 | E30: =EXP(-D30/100*C30) -> 0.96378214 | F30: =B30*E30 -> 2.0480371 | G30: 10.31694 | H30: =(1/(1+$B$64/200))^G30 -> 0.87295615 | I30: =B30*H30 -> 1.8550318 | J30: 5 | K30: 0.67933676 | L30: 5.5 | M30: 0.79314175 | N30: =IF(L30=J30,K30,K30+(M30-K30)*(C30-J30)/(L30-J30)) -> 0.71532438
A31: 43258 | B31: 2.125 | C31: =(A31-$B$5)/365.25 -> 5.6563997 | D31: 0.82888838 | E31: =EXP(-D31/100*C31) -> 0.9541969 | F31: =B31*E31 -> 2.0276684 | G31: 11.31694 | H31: =(1/(1+$B$64/200))^G31 -> 0.86153504 | I31: =B31*H31 -> 1.830762 | J31: 5.5 | K31: 0.79314175 | L31: 6 | M31: 0.90733659 | N31: =IF(L31=J31,K31,K31+(M31-K31)*(C31-J31)/(L31-J31)) -> 0.82886183
... A59: 48372 | B59: 102.125 | C59: =(A59-$B$5)/365.25 -> 19.657769 | D59: 2.9629024 | E59: =EXP(-D59/100*C59) -> 0.5585336 | F59: =B59*E59 -> 57.040244 | G59: 39.31694 | H59: =(1/(1+$B$64/200))^G59 -> 0.59583691 | I59: =B59*H59 -> 60.849844 | J59: 19.5 | K59: 2.9481969 | L59: 20 | M59: 2.9942476 | N59: =IF(L59=J59,K59,K59+(M59-K59)*(C59-J59)/(L59-J59)) -> 2.9627276
A61: Curve dirty price = SUM(PV) | B61: =SUM(F20:F59) -> 125.81802
A62: Accrued interest | B62: =B12 -> 1.4515027
A63: Curve clean price | B63: =B61-B62 -> 124.36651
A64: Model yield (% , brentq in Python) | B64: 2.6513398
A65: Price at the model yield = SUM(PV at model yield) | B65: =SUM(I20:I59) -> 125.81802
A66: Check: price at model yield - curve dirty (≈ 0) | B66: =B65-B61 -> -2.3163693e-12
A67: M1 (bp) = 100·(AAY - model yield) | B67: =100*(B13-B64) -> 1.0115158
A68: Python M1 (bp), for comparison | B68: 1.0115158

Sheet A3 M1b
A1: A3: 4¼% Treasury Stock 2032, auction 09 Oct 2012 - M1b baseline, T-25 to T-6 (decision #4)
A3: k (business days) | B3: Date | C3: Market yield (%): DMO yield (from the DMO clean price before 25 Nov 2002) | D3: Model yield (%, curve of that day) | E3: Residual (bp) = 100·(DMO - model) | F3: Included (1/0) | G3: Excluded because
A4: -25 | B4: 41156 | C4: 2.499266 | D4: 2.493772 | E4: =IF(F4=1,100*(C4-D4),"") -> 0.5493982 | F4: 1
A5: -24 | B5: 41157 | C5: 2.515781 | D5: 2.522845 | E5: =IF(F5=1,100*(C5-D5),"") -> -0.7064006 | F5: 1
A6: -23 | B6: 41158 | C6: 2.597495 | D6: 2.5999902 | E6: =IF(F6=1,100*(C6-D6),"") -> -0.2495239 | F6: 1
A7: -22 | B7: 41159 | C7: 2.57786 | D7: 2.577095 | E7: =IF(F7=1,100*(C7-D7),"") -> 0.076496 | F7: 1
A8: -21 | B8: 41162 | C8: 2.632029 | D8: 2.632477 | E8: =IF(F8=1,100*(C8-D8),"") -> -0.0448038 | F8: 1
A9: -20 | B9: 41163 | C9: 2.647255 | D9: 2.6512799 | E9: =IF(F9=1,100*(C9-D9),"") -> -0.4024947 | F9: 1
A10: -19 | B10: 41164 | C10: 2.709606 | D10: 2.7112454 | E10: =IF(F10=1,100*(C10-D10),"") -> -0.1639375 | F10: 1
A11: -18 | B11: 41165 | C11: 2.672108 | D11: 2.6825778 | E11: =IF(F11=1,100*(C11-D11),"") -> -1.0469796 | F11: 1
A12: -17 | B12: 41166 | C12: 2.798563 | D12: 2.8169949 | E12: =IF(F12=1,100*(C12-D12),"") -> -1.8431946 | F12: 1
A13: -16 | B13: 41169 | C13: 2.761051 | D13: 2.7721229 | E13: =IF(F13=1,100*(C13-D13),"") -> -1.1071857 | F13: 1
A14: -15 | B14: 41170 | C14: 2.728984 | D14: 2.7314615 | E14: =IF(F14=1,100*(C14-D14),"") -> -0.2477489 | F14: 1
A15: -14 | B15: 41171 | C15: 2.702273 | D15: 2.7111576 | E15: =IF(F15=1,100*(C15-D15),"") -> -0.8884593 | F15: 1
... A23: -6 | B23: 41183 | C23: 2.638028 | D23: 2.6301696 | E23: =IF(F23=1,100*(C23-D23),"") -> 0.7858446 | F23: 1
A25: Valid days (need ≥ 10) | B25: =SUM(F4:F23) -> 20
A26: Baseline = mean residual (bp) | B26: =IF(B25>=10,AVERAGEIF(F4:F23,1,E4:E23),"n/a") -> -0.5033348
A27: M1 (bp), from the M1 sheet | B27: ='A3 M1'!B67 -> 1.0115158
A28: M1b (bp) = M1 - baseline | B28: =IF(B25>=10,B27-B26,"n/a") -> 1.5148506
A29: Python M1b (bp), for comparison | B29: 1.5148506
A30: Python note

Sheet A3 control
A1: A3: control maturities = BoE points 2-30y more than 3y from the gilt's 19.66y to maturity (35 points). Top: z (%); bottom: daily change (bp).
A3: k | B3: Date | C3: z 2y | D3: z 2.5y | E3: z 3y | F3: z 3.5y | G3: z 4y | H3: z 4.5y | I3: z 5y | J3: z 5.5y | K3: z 6y | L3: z 6.5y | M3: z 7y | N3: z 7.5y | O3: z 8y | P3: z 8.5y | Q3: z 9y | R3: z 9.5y | S3: z 10y | T3: z 10.5y | U3: z 11y | V3: z 11.5y | W3: z 12y | X3: z 12.5y | Y3: z 13y | Z3: z 13.5y | AA3: z 14y | AB3: z 14.5y | AC3: z 15y | AD3: z 15.5y | AE3: z 16y | AF3: z 16.5y | AG3: z 23y | AH3: z 23.5y | AI3: z 24y | AJ3: z 24.5y | AK3: z 25y
A4: -121 | B4: 41016 | C4: 0.40018613 | D4: 0.4556215 | E4: 0.54171485 | F4: 0.6475603 | G4: 0.7659079 | H4: 0.89175714 | I4: 1.0216099 | J4: 1.1529641 | K4: 1.2839806 | L4: 1.4132527 | M4: 1.5396973 | N4: 1.6624621 | O4: 1.7808842 | P4: 1.8944773 | Q4: 2.0029206 | R4: 2.1060515 | S4: 2.2038446 | T4: 2.2964087 | U4: 2.3839305 | V4: 2.4666279 | W4: 2.5447421 | X4: 2.6185334 | Y4: 2.6882769 | Z4: 2.7542557 | AA4: 2.8167337 | AB4: 2.875943 | AC4: 2.9320883 | AD4: 2.9853519 | AE4: 3.0358964 | AF4: 3.0838628 | AG4: 3.5070096 | AH4: 3.5261078 | AI4: 3.5435799 | AJ4: 3.5594948 | AK4: 3.5739223
A5: -120 | B5: 41017 | C5: 0.43298911 | D5: 0.49898764 | E5: 0.59222859 | F5: 0.70249269 | G5: 0.82314553 | H5: 0.949687 | I5: 1.0790217 | J5: 1.2089781 | K5: 1.3379906 | L5: 1.4648726 | M5: 1.588717 | N5: 1.7088043 | O5: 1.8245658 | P5: 1.9355769 | Q5: 2.0415518 | R5: 2.1423422 | S5: 2.2379236 | T5: 2.3283927 | U5: 2.4139194 | V5: 2.4947059 | W5: 2.5709791 | X5: 2.6429854 | Y5: 2.7109869 | Z5: 2.7752551 | AA5: 2.8360446 | AB5: 2.8935832 | AC5: 2.9480747 | AD5: 2.9997035 | AE5: 3.0486369 | AF5: 3.0950227 | AG5: 3.5035657 | AH5: 3.522107 | AI5: 3.539098 | AJ5: 3.5546039 | AK5: 3.5686906
A6: -119 | B6: 41018 | C6: 0.44040573 | D6: 0.51277282 | E6: 0.61142741 | F6: 0.72571666 | G6: 0.84901489 | H6: 0.97701138 | I6: 1.1068547 | J6: 1.2366174 | K6: 1.364947 | L6: 1.4908313 | M6: 1.6135021 | N6: 1.7323476 | O6: 1.8468794 | P6: 1.9567314 | Q6: 2.0616579 | R6: 2.1615365 | S6: 2.2563574 | T6: 2.3462238 | U6: 2.4313055 | V6: 2.5117992 | W6: 2.5879221 | X6: 2.6599073 | Y6: 2.7280014 | Z6: 2.7924576 | AA6: 2.8535121 | AB6: 2.9113742 | AC6: 2.9662298 | AD6: 3.0182453 | AE6: 3.0675707 | AF6: 3.1143369 | AG6: 3.5234368 | AH6: 3.5416791 | AI6: 3.5583442 | AJ6: 3.5735036 | AK6: 3.5872291
A7: -118 | B7: 41019 | C7: 0.47145575 | D7: 0.55191814 | E7: 0.65645452 | F7: 0.77453504 | G7: 0.89981906 | H7: 1.0283294 | I7: 1.1575351 | J7: 1.2857965 | K7: 1.4120069 | L7: 1.535367 | M7: 1.6552792 | N7: 1.7712721 | O7: 1.8829711 | P7: 1.9900979 | Q7: 2.0924688 | R7: 2.190002 | S7: 2.2827092 | T7: 2.3706978 | U7: 2.4541299 | V7: 2.5331889 | W7: 2.6080745 | X7: 2.678999 | Y7: 2.7461853 | Z7: 2.809861 | AA7: 2.870238 | AB7: 2.9275042 | AC7: 2.9818267 | AD7: 3.0333553 | AE7: 3.0822252 | AF7: 3.1285547 | AG7: 3.5318009 | AH7: 3.549582 | AI7: 3.5657938 | AJ7: 3.5805099 | AK7: 3.5938037
A8: -117 | B8: 41022 | C8: 0.44894773 | D8: 0.52269643 | E8: 0.62186613 | F8: 0.73571085 | G8: 0.85765771 | H8: 0.98352777 | I8: 1.110631 | J8: 1.2372069 | K8: 1.3620585 | L8: 1.4843246 | M8: 1.6033662 | N8: 1.71869 | O8: 1.8299138 | P8: 1.9367602 | Q8: 2.0390522 | R8: 2.1367163 | S8: 2.2297726 | T8: 2.3183369 | U8: 2.4025765 | V8: 2.482674 | W8: 2.558823 | X8: 2.6312263 | Y8: 2.7000935 | Z8: 2.7656367 | AA8: 2.8280485 | AB8: 2.8874943 | AC8: 2.9441164 | AD8: 2.9980371 | AE8: 3.0493625 | AF8: 3.0981807 | AG8: 3.5270428 | AH8: 3.5459544 | AI8: 3.5631826 | AJ8: 3.5788081 | AK8: 3.592912
A9: -116 | B9: 41023 | C9: 0.42212089 | D9: 0.49226634 | E9: 0.58921336 | F9: 0.70173653 | G9: 0.82298057 | H9: 0.94859569 | I9: 1.0757829 | J9: 1.2027043 | K9: 1.3280992 | L9: 1.4510492 | M9: 1.5708641 | N9: 1.6870063 | O9: 1.7990587 | P9: 1.9067167 | Q9: 2.0097841 | R9: 2.1081752 | S9: 2.2019035 | T9: 2.2910841 | U9: 2.3758861 | V9: 2.4564967 | W9: 2.5331162 | X9: 2.6059555 | Y9: 2.6752337 | Z9: 2.7411731 | AA9: 2.8039752 | AB9: 2.8638127 | AC9: 2.9208331 | AD9: 2.9751633 | AE9: 3.0269122 | AF9: 3.0761692 | AG9: 3.5099319 | AH9: 3.5290018 | AI9: 3.5463487 | AJ9: 3.5620543 | AK9: 3.5762015
A10: -115 | B10: 41024 | C10: 0.41590522 | D10: 0.48650102 | E10: 0.58513362 | F10: 0.70055278 | G10: 0.82566027 | H10: 0.95580409 | I10: 1.0879052 | J10: 1.2198858 | K10: 1.350283 | L10: 1.4780116 | M10: 1.6022466 | N10: 1.7223458 | O10: 1.8378158 | P10: 1.9483009 | Q10: 2.0535767 | R10: 2.1535484 | S10: 2.2482375 | T10: 2.3377802 | U10: 2.4223779 | V10: 2.5022586 | W10: 2.5776714 | X10: 2.6488814 | Y10: 2.7161673 | Z10: 2.7798136 | AA10: 2.8400834 | AB10: 2.8972085 | AC10: 2.9513933 | AD10: 3.0028198 | AE10: 3.0516503 | AF10: 3.0980241 | AG10: 3.5085719 | AH10: 3.5270978 | AI10: 3.5440316 | AJ10: 3.55944 | AK10: 3.5733905
A11: -114 | B11: 41025 | C11: 0.39347262 | D11: 0.45951086 | E11: 0.55500438 | F11: 0.66819165 | G11: 0.79168051 | H11: 0.92063221 | I11: 1.0518375 | J11: 1.1831236 | K11: 1.3129576 | L11: 1.4402045 | M11: 1.5640057 | N11: 1.6837029 | O11: 1.7988014 | P11: 1.9089558 | Q11: 2.0139587 | R11: 2.1137348 | S11: 2.208325 | T11: 2.297886 | U11: 2.3826345 | V11: 2.4628081 | W11: 2.5386602 | X11: 2.6104562 | Y11: 2.678472 | Z11: 2.7429862 | AA11: 2.8042527 | AB11: 2.8624902 | AC11: 2.9178875 | AD11: 2.9706085 | AE11: 3.0207954 | AF11: 3.068566 | AG11: 3.4935571 | AH11: 3.5126455 | AI11: 3.5300652 | AJ11: 3.545888 | AK11: 3.5601869
A12: -113 | B12: 41026 | C12: 0.4126132 | D12: 0.48317531 | E12: 0.58151799 | F12: 0.6964139 | G12: 0.82081124 | H12: 0.95009821 | I12: 1.0812297 | J12: 1.212161 | K12: 1.3414627 | L12: 1.4680916 | M12: 1.5912597 | N12: 1.710367 | O12: 1.8249636 | P12: 1.9347301 | Q12: 2.0394719 | R12: 2.139113 | S12: 2.2336859 | T12: 2.3233318 | U12: 2.408248 | V12: 2.4886537 | W12: 2.5647846 | X12: 2.6368899 | Y12: 2.7052292 | Z12: 2.7700662 | AA12: 2.8316418 | AB12: 2.8901656 | AC12: 2.9458198 | AD12: 2.9987644 | AE12: 3.0491399 | AF12: 3.0970641 | AG12: 3.5226175 | AH12: 3.5417571 | AI12: 3.5592372 | AJ12: 3.5751292 | AK12: 3.5895062
A13: -112 | B13: 41029 | C13: 0.43857662 | D13: 0.51309988 | E13: 0.61322565 | F13: 0.72821336 | G13: 0.85138515 | H13: 0.9784108 | I13: 1.106473 | J13: 1.2337303 | K13: 1.3589478 | L13: 1.4812741 | M13: 1.6000971 | N13: 1.7149746 | O13: 1.8255898 | P13: 1.9317266 | Q13: 2.0332658 | R13: 2.1301781 | S13: 2.2225161 | T13: 2.3104174 | U13: 2.39406 | V13: 2.4736342 | W13: 2.5493395 | X13: 2.6213829 | Y13: 2.6899772 | Z13: 2.7553358 | AA13: 2.8176519 | AB13: 2.8770914 | AC13: 2.933797 | AD13: 2.9878919 | AE13: 3.0394827 | AF13: 3.0886574 | AG13: 3.5280535 | AH13: 3.5479737 | AI13: 3.5662027 | AJ13: 3.5828152 | AK13: 3.5978871
A14: -111 | B14: 41030 | C14: 0.43133592 | D14: 0.50554308 | E14: 0.60497354 | F14: 0.71903434 | G14: 0.84117716 | H14: 0.96716959 | I14: 1.0942664 | J14: 1.2206767 | K14: 1.3451963 | L14: 1.4669883 | M14: 1.585437 | N14: 1.7000842 | O14: 1.8105859 | P14: 1.9166924 | Q14: 2.0182502 | R14: 2.1151996 | S14: 2.2075683 | T14: 2.2954751 | U14: 2.3790844 | V14: 2.4585779 | W14: 2.5341507 | X14: 2.6060087 | Y14: 2.6743658 | Z14: 2.7394391 | AA14: 2.801427 | AB14: 2.8605023 | AC14: 2.916816 | AD14: 2.9705006 | AE14: 3.0216731 | AF14: 3.0704323 | AG14: 3.5081747 | AH14: 3.5283397 | AI14: 3.5468544 | AJ14: 3.5637883 | AK14: 3.5792117
A15: -110 | B15: 41031 | C15: 0.41252598 | D15: 0.48337825 | E15: 0.57985692 | F15: 0.69112528 | G15: 0.81055811 | H15: 0.93391449 | I15: 1.0584678 | J15: 1.1824563 | K15: 1.304706 | L15: 1.4244052 | M15: 1.5409553 | N15: 1.6539076 | O15: 1.7629219 | P15: 1.8677472 | Q15: 1.9682238 | R15: 2.0642818 | S15: 2.1559338 | T15: 2.2432781 | U15: 2.3264581 | V15: 2.4056369 | W15: 2.4809922 | X15: 2.5527141 | Y15: 2.6210019 | Z15: 2.6860591 | AA15: 2.7480733 | AB15: 2.8072095 | AC15: 2.8636136 | AD15: 2.9174154 | AE15: 2.9687309 | AF15: 3.0176592 | AG15: 3.4607501 | AH15: 3.4815795 | AI15: 3.5007846 | AJ15: 3.5184303 | AK15: 3.5345823
... A135: 10 | B135: 41205 | C135: 0.23642766 | D135: 0.28393832 | E135: 0.36101231 | F135: 0.4568258 | G135: 0.56394684 | H135: 0.67738209 | I135: 0.79376623 | J135: 0.91081617 | K135: 1.0269675 | L135: 1.1411136 | M135: 1.2524609 | N135: 1.3604356 | O135: 1.4646423 | P135: 1.5648378 | Q135: 1.6609134 | R135: 1.7528751 | S135: 1.8408359 | T135: 1.9249668 | U135: 2.0054628 | V135: 2.0825365 | W135: 2.1564149 | X135: 2.2273363 | Y135: 2.2955436 | Z135: 2.3612597 | AA135: 2.4246778 | AB135: 2.4859659 | AC135: 2.5452709 | AD135: 2.6027219 | AE135: 2.6584257 | AF135: 2.7124581 | AG135: 3.2683311 | AH135: 3.2995659 | AI135: 3.3291644 | AJ135: 3.3571503 | AK135: 3.3835512
A138: k | B138: Date | C138: Δz 2y (bp) | D138: Δz 2.5y (bp) | E138: Δz 3y (bp) | F138: Δz 3.5y (bp) | G138: Δz 4y (bp) | H138: Δz 4.5y (bp) | I138: Δz 5y (bp) | J138: Δz 5.5y (bp) | K138: Δz 6y (bp) | L138: Δz 6.5y (bp) | M138: Δz 7y (bp) | N138: Δz 7.5y (bp) | O138: Δz 8y (bp) | P138: Δz 8.5y (bp) | Q138: Δz 9y (bp) | R138: Δz 9.5y (bp) | S138: Δz 10y (bp) | T138: Δz 10.5y (bp) | U138: Δz 11y (bp) | V138: Δz 11.5y (bp) | W138: Δz 12y (bp) | X138: Δz 12.5y (bp) | Y138: Δz 13y (bp) | Z138: Δz 13.5y (bp) | AA138: Δz 14y (bp) | AB138: Δz 14.5y (bp) | AC138: Δz 15y (bp) | AD138: Δz 15.5y (bp) | AE138: Δz 16y (bp) | AF138: Δz 16.5y (bp) | AG138: Δz 23y (bp) | AH138: Δz 23.5y (bp) | AI138: Δz 24y (bp) | AJ138: Δz 24.5y (bp) | AK138: Δz 25y (bp) | AL138: Control Δc = average (bp)
A139: =A5 -> -120 | B139: =B5 -> 41017 | C139: =100*(C5-C4) -> 3.2802977 | D139: =100*(D5-D4) -> 4.3366145 | E139: =100*(E5-E4) -> 5.0513738 | F139: =100*(F5-F4) -> 5.4932384 | G139: =100*(G5-G4) -> 5.7237636 | H139: =100*(H5-H4) -> 5.7929867 | I139: =100*(I5-I4) -> 5.74118 | J139: =100*(J5-J4) -> 5.6013981 | ... AK139: =100*(AK5-AK4) -> -0.52316707 | AL139: =AVERAGE(C139:AK139) -> 3.0244917
A140: =A6 -> -119 | B140: =B6 -> 41018 | C140: =100*(C6-C5) -> 0.74166229 | D140: =100*(D6-D5) -> 1.3785175 | E140: =100*(E6-E5) -> 1.9198815 | F140: =100*(F6-F5) -> 2.3223969 | G140: =100*(G6-G5) -> 2.5869358 | H140: =100*(H6-H5) -> 2.7324373 | I140: =100*(I6-I5) -> 2.7833017 | J140: =100*(J6-J5) -> 2.7639372 | ... AK140: =100*(AK6-AK5) -> 1.8538497 | AL140: =AVERAGE(C140:AK140) -> 2.0041703
A141: =A7 -> -118 | B141: =B7 -> 41019 | C141: =100*(C7-C6) -> 3.1050016 | D141: =100*(D7-D6) -> 3.9145321 | E141: =100*(E7-E6) -> 4.5027116 | F141: =100*(F7-F6) -> 4.8818387 | G141: =100*(G7-G6) -> 5.0804169 | H141: =100*(H7-H6) -> 5.1318047 | I141: =100*(I7-I6) -> 5.0680372 | J141: =100*(J7-J6) -> 4.9179084 | ... AK141: =100*(AK7-AK6) -> 0.65746502 | AL141: =AVERAGE(C141:AK141) -> 2.7618817
A142: =A8 -> -117 | B142: =B8 -> 41022 | C142: =100*(C8-C7) -> -2.2508019 | D142: =100*(D8-D7) -> -2.9221709 | E142: =100*(E8-E7) -> -3.4588395 | F142: =100*(F8-F7) -> -3.8824191 | G142: =100*(G8-G7) -> -4.2161352 | H142: =100*(H8-H7) -> -4.4801652 | I142: =100*(I8-I7) -> -4.6904045 | J142: =100*(J8-J7) -> -4.8589657 | ... AK142: =100*(AK8-AK7) -> -0.089173146 | AL142: =AVERAGE(C142:AK142) -> -3.8655519
A143: =A9 -> -116 | B143: =B9 -> 41023 | C143: =100*(C9-C8) -> -2.6826835 | D143: =100*(D9-D8) -> -3.043009 | E143: =100*(E9-E8) -> -3.265277 | F143: =100*(F9-F8) -> -3.3974321 | G143: =100*(G9-G8) -> -3.4677143 | H143: =100*(H9-H8) -> -3.4932079 | I143: =100*(I9-I8) -> -3.4848123 | J143: =100*(J9-J8) -> -3.4502526 | ... AK143: =100*(AK9-AK8) -> -1.6710481 | AL143: =AVERAGE(C143:AK143) -> -2.6971386
A144: =A10 -> -115 | B144: =B10 -> 41024 | C144: =100*(C10-C9) -> -0.62156673 | D144: =100*(D10-D9) -> -0.57653184 | E144: =100*(E10-E9) -> -0.40797329 | F144: =100*(F10-F9) -> -0.11837516 | G144: =100*(G10-G9) -> 0.2679701 | H144: =100*(H10-H9) -> 0.72083986 | I144: =100*(I10-I9) -> 1.21223 | J144: =100*(J10-J9) -> 1.7181432 | ... AK144: =100*(AK10-AK9) -> -0.28110215 | AL144: =AVERAGE(C144:AK144) -> 2.35134
A145: =A11 -> -114 | B145: =B11 -> 41025 | C145: =100*(C11-C10) -> -2.2432608 | D145: =100*(D11-D10) -> -2.6990157 | E145: =100*(E11-E10) -> -3.0129243 | F145: =100*(F11-F10) -> -3.2361133 | G145: =100*(G11-G10) -> -3.397976 | H145: =100*(H11-H10) -> -3.5171875 | I145: =100*(I11-I10) -> -3.6067738 | J145: =100*(J11-J10) -> -3.6762131 | ... AK145: =100*(AK11-AK10) -> -1.3203566 | AL145: =AVERAGE(C145:AK145) -> -3.2612279
A146: =A12 -> -113 | B146: =B12 -> 41026 | C146: =100*(C12-C11) -> 1.9140578 | D146: =100*(D12-D11) -> 2.3664443 | E146: =100*(E12-E11) -> 2.6513615 | F146: =100*(F12-F11) -> 2.822225 | G146: =100*(G12-G11) -> 2.9130729 | H146: =100*(H12-H11) -> 2.9465996 | I146: =100*(I12-I11) -> 2.9392176 | J146: =100*(J12-J11) -> 2.903741 | ... AK146: =100*(AK12-AK11) -> 2.9319289 | AL146: =AVERAGE(C146:AK146) -> 2.7150461
A147: =A13 -> -112 | B147: =B13 -> 41029 | C147: =100*(C13-C12) -> 2.5963426 | D147: =100*(D13-D12) -> 2.9924574 | E147: =100*(E13-E12) -> 3.1707657 | F147: =100*(F13-F12) -> 3.179946 | G147: =100*(G13-G12) -> 3.0573917 | H147: =100*(H13-H12) -> 2.8312592 | I147: =100*(I13-I12) -> 2.5243294 | J147: =100*(J13-J12) -> 2.1569259 | ... AK147: =100*(AK13-AK12) -> 0.83809137 | AL147: =AVERAGE(C147:AK147) -> 0.29749684
A148: =A14 -> -111 | B148: =B14 -> 41030 | C148: =100*(C14-C13) -> -0.72407036 | D148: =100*(D14-D13) -> -0.75567972 | E148: =100*(E14-E13) -> -0.82521158 | F148: =100*(F14-F13) -> -0.91790211 | G148: =100*(G14-G13) -> -1.020799 | H148: =100*(H14-H13) -> -1.1241212 | I148: =100*(I14-I13) -> -1.2206573 | J148: =100*(J14-J13) -> -1.3053596 | ... AK148: =100*(AK14-AK13) -> -1.86754 | AL148: =AVERAGE(C148:AK148) -> -1.4809588
A149: =A15 -> -110 | B149: =B15 -> 41031 | C149: =100*(C15-C14) -> -1.8809936 | D149: =100*(D15-D14) -> -2.2164833 | E149: =100*(E15-E14) -> -2.5116618 | F149: =100*(F15-F14) -> -2.7909056 | G149: =100*(G15-G14) -> -3.0619048 | H149: =100*(H15-H14) -> -3.3255103 | I149: =100*(I15-I14) -> -3.5798631 | J149: =100*(J15-J14) -> -3.8220382 | ... AK149: =100*(AK15-AK14) -> -4.4629391 | AL149: =AVERAGE(C149:AK149) -> -4.4990459
A150: =A16 -> -109 | B150: =B16 -> 41032 | C150: =100*(C16-C15) -> -0.35485497 | D150: =100*(D16-D15) -> -0.32984054 | E150: =100*(E16-E15) -> -0.31013921 | F150: =100*(F16-F15) -> -0.29785801 | G150: =100*(G16-G15) -> -0.29294673 | H150: =100*(H16-H15) -> -0.29483377 | I150: =100*(I16-I15) -> -0.30285701 | J150: =100*(J16-J15) -> -0.31674997 | ... AK150: =100*(AK16-AK15) -> 1.0647098 | AL150: =AVERAGE(C150:AK150) -> -0.25314042
... A269: =A135 -> 10 | B269: =B135 -> 41205 | C269: =100*(C135-C134) -> -3.0350912 | D269: =100*(D135-D134) -> -3.9051915 | E269: =100*(E135-E134) -> -4.615835 | F269: =100*(F135-F134) -> -5.1998577 | G269: =100*(G135-G134) -> -5.6883409 | H269: =100*(H135-H134) -> -6.1042726 | I269: =100*(I135-I134) -> -6.4636276 | J269: =100*(J135-J134) -> -6.7766773 | ... AK269: =100*(AK135-AK134) -> -7.9732801 | AL269: =AVERAGE(C269:AK269) -> -7.2645317

Sheet A3 M2
A1: A3: 4¼% Treasury Stock 2032, auction 09 Oct 2012 - M2 with control B-β (decision #13)
A3: k | B3: Date | C3: Model yield y (%) | D3: Δy (bp) | E3: Δc (bp), from control sheet | F3: In β window (1/0) | G3: AR B-β = Δy - β·Δc | H3: CAR B-β (base T-6) | I3: AR B (β = 1) | J3: CAR B | K3: Raw cumulative Δy
A4: -121 | B4: 41016 | C4: 3.0625657 | F4: 0
A5: -120 | B5: 41017 | C5: 3.0723821 | D5: =100*(C5-C4) -> 0.98164513 | E5: ='A3 control'!AL139 -> 3.0244917 | F5: 1
A6: -119 | B6: 41018 | C6: 3.0923837 | D6: =100*(C6-C5) -> 2.0001537 | E6: ='A3 control'!AL140 -> 2.0041703 | F6: 1
A7: -118 | B7: 41019 | C7: 3.107397 | D7: =100*(C7-C6) -> 1.5013325 | E7: ='A3 control'!AL141 -> 2.7618817 | F7: 1
A8: -117 | B8: 41022 | C8: 3.084538 | D8: =100*(C8-C7) -> -2.2859002 | E8: ='A3 control'!AL142 -> -3.8655519 | F8: 1
A9: -116 | B9: 41023 | C9: 3.063395 | D9: =100*(C9-C8) -> -2.1142955 | E9: ='A3 control'!AL143 -> -2.6971386 | F9: 1
A10: -115 | B10: 41024 | C10: 3.0762233 | D10: =100*(C10-C9) -> 1.2828203 | E10: ='A3 control'!AL144 -> 2.35134 | F10: 1
A11: -114 | B11: 41025 | C11: 3.0516831 | D11: =100*(C11-C10) -> -2.4540177 | E11: ='A3 control'!AL145 -> -3.2612279 | F11: 1
A12: -113 | B12: 41026 | C12: 3.0791508 | D12: =100*(C12-C11) -> 2.7467751 | E12: ='A3 control'!AL146 -> 2.7150461 | F12: 1
A13: -112 | B13: 41029 | C13: 3.0778838 | D13: =100*(C13-C12) -> -0.12670568 | E13: ='A3 control'!AL147 -> 0.29749684 | F13: 1
A14: -111 | B14: 41030 | C14: 3.0592889 | D14: =100*(C14-C13) -> -1.8594842 | E14: ='A3 control'!AL148 -> -1.4809588 | F14: 1
A15: -110 | B15: 41031 | C15: 3.009894 | D15: =100*(C15-C14) -> -4.9394914 | E15: ='A3 control'!AL149 -> -4.4990459 | F15: 1
A16: -109 | B16: 41032 | C16: 3.0105685 | D16: =100*(C16-C15) -> 0.06744391 | E16: ='A3 control'!AL150 -> -0.25314042 | F16: 1
... A114: -11 | B114: 41176 | C114: 2.6956775 | D114: =100*(C114-C113) -> -1.0176418 | E114: ='A3 control'!AL248 -> -1.4517977 | F114: 0
A115: -10 | B115: 41177 | C115: 2.6842209 | D115: =100*(C115-C114) -> -1.1456624 | E115: ='A3 control'!AL249 -> -0.3569383 | F115: 0 | G115: =D115-$B$137*E115 -> -0.79173972 | H115: =H116-G116 -> -1.1322531 | I115: =D115-E115 -> -0.78872412 | J115: =J116-I116 -> -1.1879549 | K115: =K116-D116 -> 5.4051318
A116: -9 | B116: 41178 | C116: 2.5763443 | D116: =100*(C116-C115) -> -10.787657 | E116: ='A3 control'!AL250 -> -11.097776 | F116: 0 | G116: =D116-$B$137*E116 -> 0.21635871 | H116: =H117-G117 -> -0.9158944 | I116: =D116-E116 -> 0.31011848 | J116: =J117-I117 -> -0.87783645 | K116: =K117-D117 -> -5.3825255
A117: -8 | B117: 41179 | C117: 2.622332 | D117: =100*(C117-C116) -> 4.5987727 | E117: ='A3 control'!AL251 -> 3.8830385 | F117: 0 | G117: =D117-$B$137*E117 -> 0.74854013 | H117: =H118-G118 -> -0.16735427 | I117: =D117-E117 -> 0.7157342 | J117: =J118-I118 -> -0.16210225 | K117: =K118-D118 -> -0.78375276
A118: -7 | B118: 41180 | C118: 2.6251054 | D118: =100*(C118-C117) -> 0.27733292 | E118: ='A3 control'!AL252 -> -0.31160806 | F118: 0 | G118: =D118-$B$137*E118 -> 0.58630836 | H118: =H119-G119 -> 0.41895408 | I118: =D118-E118 -> 0.58894098 | J118: =J119-I119 -> 0.42683874 | K118: =K119-D119 -> -0.50641984
A119: -6 | B119: 41183 | C119: 2.6301696 | D119: =100*(C119-C118) -> 0.50641984 | E119: ='A3 control'!AL253 -> 0.93325858 | F119: 0 | G119: =D119-$B$137*E119 -> -0.41895408 | H119: 0 | I119: =D119-E119 -> -0.42683874 | J119: 0 | K119: 0
A120: -5 | B120: 41184 | C120: 2.6160171 | D120: =100*(C120-C119) -> -1.4152458 | E120: ='A3 control'!AL254 -> -1.9871092 | F120: 0 | G120: =D120-$B$137*E120 -> 0.55507532 | H120: =H119+G120 -> 0.55507532 | I120: =D120-E120 -> 0.57186345 | J120: =J119+I120 -> 0.57186345 | K120: =K119+D120 -> -1.4152458
A121: -4 | B121: 41185 | C121: 2.5991778 | D121: =100*(C121-C120) -> -1.6839343 | E121: ='A3 control'!AL255 -> -2.1451454 | F121: 0 | G121: =D121-$B$137*E121 -> 0.44308772 | H121: =H120+G121 -> 0.99816304 | I121: =D121-E121 -> 0.46121102 | J121: =J120+I121 -> 1.0330745 | K121: =K120+D121 -> -3.0991801
A122: -3 | B122: 41186 | C122: 2.6122458 | D122: =100*(C122-C121) -> 1.3068071 | E122: ='A3 control'!AL256 -> 1.4618942 | F122: 0 | G122: =D122-$B$137*E122 -> -0.14273626 | H122: =H121+G122 -> 0.85542678 | I122: =D122-E122 -> -0.15508711 | J122: =J121+I122 -> 0.87798737 | K122: =K121+D122 -> -1.792373
A123: -2 | B123: 41187 | C123: 2.6824834 | D123: =100*(C123-C122) -> 7.0237593 | E123: ='A3 control'!AL257 -> 6.5634695 | F123: 0 | G123: =D123-$B$137*E123 -> 0.5157414 | H123: =H122+G123 -> 1.3711682 | I123: =D123-E123 -> 0.4602898 | J123: =J122+I123 -> 1.3382772 | K123: =K122+D123 -> 5.2313863
A124: -1 | B124: 41190 | C124: 2.6515392 | D124: =100*(C124-C123) -> -3.0944228 | E124: ='A3 control'!AL258 -> -3.4484568 | F124: 0 | G124: =D124-$B$137*E124 -> 0.32489963 | H124: =H123+G124 -> 1.6960678 | I124: =D124-E124 -> 0.35403399 | J124: =J123+I124 -> 1.6923112 | K124: =K123+D124 -> 2.1369635
A125: 0 | B125: 41191 | C125: 2.6359912 | D125: =100*(C125-C124) -> -1.5548037 | E125: ='A3 control'!AL259 -> -0.690692 | F125: 0 | G125: =D125-$B$137*E125 -> -0.86994705 | H125: =H124+G125 -> 0.82612076 | I125: =D125-E125 -> -0.86411172 | J125: =J124+I125 -> 0.82819943 | K125: =K124+D125 -> 0.5821598
A126: 1 | B126: 41192 | C126: 2.6574743 | D126: =100*(C126-C125) -> 2.1483122 | E126: ='A3 control'!AL260 -> 3.3118151 | F126: 0 | G126: =D126-$B$137*E126 -> -1.1355229 | H126: =H125+G126 -> -0.30940214 | I126: =D126-E126 -> -1.1635028 | J126: =J125+I126 -> -0.3353034 | K126: =K125+D126 -> 2.730472
A127: 2 | B127: 41193 | C127: 2.6710128 | D127: =100*(C127-C126) -> 1.3538526 | E127: ='A3 control'!AL261 -> 1.5406955 | F127: 0 | G127: =D127-$B$137*E127 -> -0.17382622 | H127: =H126+G127 -> -0.48322836 | I127: =D127-E127 -> -0.18684282 | J127: =J126+I127 -> -0.52214622 | K127: =K126+D127 -> 4.0843247
A128: 3 | B128: 41194 | C128: 2.6177393 | D128: =100*(C128-C127) -> -5.3273451 | E128: ='A3 control'!AL262 -> -5.453991 | F128: 0 | G128: =D128-$B$137*E128 -> 0.080567759 | H128: =H127+G128 -> -0.4026606 | I128: =D128-E128 -> 0.12664591 | J128: =J127+I128 -> -0.39550031 | K128: =K127+D128 -> -1.2430205
A129: 4 | B129: 41197 | C129: 2.6461169 | D129: =100*(C129-C128) -> 2.8377597 | E129: ='A3 control'!AL263 -> 3.3222008 | F129: 0 | G129: =D129-$B$137*E129 -> -0.45637345 | H129: =H128+G129 -> -0.85903405 | I129: =D129-E129 -> -0.48444113 | J129: =J128+I129 -> -0.87994144 | K129: =K128+D129 -> 1.5947393
A130: 5 | B130: 41198 | C130: 2.7082039 | D130: =100*(C130-C129) -> 6.2086946 | E130: ='A3 control'!AL264 -> 6.075417 | F130: 0 | G130: =D130-$B$137*E130 -> 0.18460586 | H130: =H129+G130 -> -0.67442819 | I130: =D130-E130 -> 0.13327758 | J130: =J129+I130 -> -0.74666385 | K130: =K129+D130 -> 7.8034338
A131: 6 | B131: 41199 | C131: 2.7910547 | D131: =100*(C131-C130) -> 8.2850819 | E131: ='A3 control'!AL265 -> 8.4991573 | F131: 0 | G131: =D131-$B$137*E131 -> -0.1422701 | H131: =H130+G131 -> -0.81669829 | I131: =D131-E131 -> -0.21407539 | J131: =J130+I131 -> -0.96073925 | K131: =K130+D131 -> 16.088516
... A135: 10 | B135: 41205 | C135: 2.7146004 | D135: =100*(C135-C134) -> -7.5177295 | E135: ='A3 control'!AL269 -> -7.2645317 | F135: 0 | G135: =D135-$B$137*E135 -> -0.31457235 | H135: =H134+G135 -> -0.82452891 | I135: =D135-E135 -> -0.25319782 | J135: =J134+I135 -> -0.90349369 | K135: =K134+D135 -> 8.4430891
A137: β = SLOPE(Δy, Δc) over k = -120..-21 | B137: =SLOPE(D5:D104,E5:E104) -> 0.99155148
A138: α (estimated, not subtracted) | B138: =INTERCEPT(D5:D104,E5:E104) -> -0.028002016
A139: R² | B139: =RSQ(D5:D104,E5:E104) -> 0.95568322
A140: Observations | B140: =COUNT(D5:D104) -> 100
A141: Python β, for comparison | B141: 0.99155148
A143: The PM's three numbers (bp) | B143: B-β (main) | C143: B (β = 1) | D143: Raw (no control) | E143: Python B-β
A144: Pre-auction cheapening, CAR(T-1) - CAR(T-6) | B144: =H124-H119 -> 1.6960678 | C144: =J124-J119 -> 1.6923112 | D144: =K124-K119 -> 2.1369635 | E144: 1.6960678
A145: Auction day, CAR(T) - CAR(T-1) | B145: =H125-H124 -> -0.86994705 | C145: =J125-J124 -> -0.86411172 | D145: =K125-K124 -> -1.5548037 | E145: -0.86994705
A146: Post-auction, CAR(T+5) - CAR(T) | B146: =H130-H125 -> -1.500549 | C146: =J130-J125 -> -1.5748633 | D146: =K130-K125 -> 7.221274 | E146: -1.500549

Sheet A4 M1
A1: A4: 1 5/8% Treasury Gilt 2028, auction 15 Mar 2018 - M1 (spec §7)
A3: Auction date | B3: 43174
A4: Settlement date (DMO issue date) | B4: 43175
A5: Effective settlement (first issue date if later, decision #10) | B5: 43175
A6: Curve date (T-1 close) | B6: 43173
A7: Coupon (% p.a.) | B7: 1.625
A8: Maturity | B8: 47048
A9: First issue date | B9: 43175
A10: First coupon date (source below) | B10: 43395
A11: First coupon source | B11: DMO notice (issuance/pre-auction notice or prospectus)
A12: Accrued interest at settlement (cash_flows) | B12: 0
A13: Average accepted yield, AAY (% , D2.1A) | B13: 1.579989
A14: Curve: last maturity T (y) | B14: 40
A15: Curve: z(T) (%) | B15: 1.5900336
A16: Curve: BoE forward f(T) (%) | B16: 0.89605706
A19: Cash flow date | B19: Amount per £100 | C19: t = days/365.25 | D19: z(t) % (spline; flat fwd beyond T) | E19: DF = exp(-z/100·t) | F19: PV = amount·DF | G19: Exponent (semi-annual periods) | H19: v^exponent at model yield | I19: PV at model yield | J19: BoE point below | K19: z below | L19: BoE point above | M19: z above | N19: Linear interp. of z (check)
A20: 43212 | B20: 0 | C20: =(A20-$B$5)/365.25 -> 0.10130048 | D20: 0.43259478 | E20: =EXP(-D20/100*C20) -> 0.99956188 | F20: =B20*E20 -> 0 | G20: 0.2032967 | H20: =(1/(1+$B$46/200))^G20 -> 0.99846227 | I20: =B20*H20 -> 0
A21: 43395 | B21: 0.97767857 | C21: =(A21-$B$5)/365.25 -> 0.60232717 | D21: 0.50658567 | E21: =EXP(-D21/100*C21) -> 0.99695335 | F21: =B21*E21 -> 0.97469992 | G21: 1.2032967 | H21: =(1/(1+$B$46/200))^G21 -> 0.99093268 | I21: =B21*H21 -> 0.96881365 | J21: 0.583333 | K21: 0.49987198 | L21: 0.666667 | M21: 0.52805257 | N21: =IF(L21=J21,K21,K21+(M21-K21)*(C21-J21)/(L21-J21)) -> 0.50629513
A22: 43577 | B22: 0.8125 | C22: =(A22-$B$5)/365.25 -> 1.100616 | D22: 0.63042897 | E22: =EXP(-D22/100*C22) -> 0.99308541 | F22: =B22*E22 -> 0.8068819 | G22: 2.2032967 | H22: =(1/(1+$B$46/200))^G22 -> 0.98345987 | I22: =B22*H22 -> 0.79906114 | J22: 1.083333 | K22: 0.6273988 | L22: 1.166667 | M22: 0.64146958 | N22: =IF(L22=J22,K22,K22+(M22-K22)*(C22-J22)/(L22-J22)) -> 0.630317
A23: 43760 | B23: 0.8125 | C23: =(A23-$B$5)/365.25 -> 1.6016427 | D23: 0.69936055 | E23: =EXP(-D23/100*C23) -> 0.98886124 | F23: =B23*E23 -> 0.80344976 | G23: 3.2032967 | H23: =(1/(1+$B$46/200))^G23 -> 0.97604341 | I23: =B23*H23 -> 0.79303527 | J23: 1.583333 | K23: 0.69727367 | L23: 1.666667 | M23: 0.70661653 | N23: =IF(L23=J23,K23,K23+(M23-K23)*(C23-J23)/(L23-J23)) -> 0.69932644
A24: 43943 | B24: 0.8125 | C24: =(A24-$B$5)/365.25 -> 2.1026694 | D24: 0.75123522 | E24: =EXP(-D24/100*C24) -> 0.98432811 | F24: =B24*E24 -> 0.79976659 | G24: 4.2032967 | H24: =(1/(1+$B$46/200))^G24 -> 0.96868288 | I24: =B24*H24 -> 0.78705484 | J24: 2.083333 | K24: 0.74934863 | L24: 2.166667 | M24: 0.75744586 | N24: =IF(L24=J24,K24,K24+(M24-K24)*(C24-J24)/(L24-J24)) -> 0.75122747
A25: 44126 | B25: 0.8125 | C25: =(A25-$B$5)/365.25 -> 2.6036961 | D25: 0.79915035 | E25: =EXP(-D25/100*C25) -> 0.97940753 | F25: =B25*E25 -> 0.79576862 | G25: 5.2032967 | H25: =(1/(1+$B$46/200))^G25 -> 0.96137786 | I25: =B25*H25 -> 0.78111951 | J25: 2.583333 | K25: 0.79721708 | L25: 2.666667 | M25: 0.80513063 | N25: =IF(L25=J25,K25,K25+(M25-K25)*(C25-J25)/(L25-J25)) -> 0.7991508
A26: 44308 | B26: 0.8125 | C26: =(A26-$B$5)/365.25 -> 3.1019849 | D26: 0.84673592 | E26: =EXP(-D26/100*C26) -> 0.97407632 | F26: =B26*E26 -> 0.79143701 | G26: 6.2032967 | H26: =(1/(1+$B$46/200))^G26 -> 0.95412793 | I26: =B26*H26 -> 0.77522894 | J26: 3.083333 | K26: 0.84493963 | L26: 3.166667 | M26: 0.85297644 | N26: =IF(L26=J26,K26,K26+(M26-K26)*(C26-J26)/(L26-J26)) -> 0.84673844
A27: 44491 | B27: 0.8125 | C27: =(A27-$B$5)/365.25 -> 3.6030116 | D27: 0.89554623 | E27: =EXP(-D27/100*C27) -> 0.96824838 | F27: =B27*E27 -> 0.78670181 | G27: 7.2032967 | H27: =(1/(1+$B$46/200))^G27 -> 0.94693267 | I27: =B27*H27 -> 0.76938279 | J27: 3.583333 | K27: 0.8936091 | L27: 3.666667 | M27: 0.90182281 | N27: =IF(L27=J27,K27,K27+(M27-K27)*(C27-J27)/(L27-J27)) -> 0.8955487
A28: 44673 | B28: 0.8125 | C28: =(A28-$B$5)/365.25 -> 4.1013005 | D28: 0.9450544 | E28: =EXP(-D28/100*C28) -> 0.96198202 | F28: =B28*E28 -> 0.78161039 | G28: 8.2032967 | H28: =(1/(1+$B$46/200))^G28 -> 0.93979167 | I28: =B28*H28 -> 0.76358073 | J28: 4.083333 | K28: 0.94325616 | L28: 4.166666 | M28: 0.95160279 | N28: =IF(L28=J28,K28,K28+(M28-K28)*(C28-J28)/(L28-J28)) -> 0.94505579
A29: 44856 | B29: 0.8125 | C29: =(A29-$B$5)/365.25 -> 4.6023272 | D29: 0.99543665 | E29: =EXP(-D29/100*C29) -> 0.95522033 | F29: =B29*E29 -> 0.77611652 | G29: 9.2032967 | H29: =(1/(1+$B$46/200))^G29 -> 0.93270452 | I29: =B29*H29 -> 0.75782242 | J29: 4.583333 | K29: 0.99352104 | L29: 4.666666 | M29: 1.0019268 | N29: =IF(L29=J29,K29,K29+(M29-K29)*(C29-J29)/(L29-J29)) -> 0.99543698
A30: 45038 | B30: 0.8125 | C30: =(A30-$B$5)/365.25 -> 5.100616 | D30: 1.0457009 | E30: =EXP(-D30/100*C30) -> 0.94806029 | F30: =B30*E30 -> 0.77029898 | G30: 10.203297 | H30: =(1/(1+$B$46/200))^G30 -> 0.92567082 | I30: =B30*H30 -> 0.75210754 | J30: 5 | K30: 1.0355582 | L30: 5.5 | M30: 1.0858483 | N30: =IF(L30=J30,K30,K30+(M30-K30)*(C30-J30)/(L30-J30)) -> 1.0456782
A31: 45221 | B31: 0.8125 | C31: =(A31-$B$5)/365.25 -> 5.6016427 | D31: 1.0960247 | E31: =EXP(-D31/100*C31) -> 0.94045132 | F31: =B31*E31 -> 0.7641167 | G31: 11.203297 | H31: =(1/(1+$B$46/200))^G31 -> 0.91869016 | I31: =B31*H31 -> 0.74643576 | J31: 5.5 | K31: 1.0858483 | L31: 6 | M31: 1.13569 | N31: =IF(L31=J31,K31,K31+(M31-K31)*(C31-J31)/(L31-J31)) -> 1.0959804
A32: 45404 | B32: 0.8125 | C32: =(A32-$B$5)/365.25 -> 6.1026694 | D32: 1.1458482 | E32: =EXP(-D32/100*C32) -> 0.93246158 | F32: =B32*E32 -> 0.75762503 | G32: 12.203297 | H32: =(1/(1+$B$46/200))^G32 -> 0.91176214 | I32: =B32*H32 -> 0.74080674 | J32: 6 | K32: 1.13569 | L32: 6.5 | M32: 1.1848668 | N32: =IF(L32=J32,K32,K32+(M32-K32)*(C32-J32)/(L32-J32)) -> 1.1457879
... A41: 47048 | B41: 100.8125 | C41: =(A41-$B$5)/365.25 -> 10.603696 | D41: 1.5405986 | E41: =EXP(-D41/100*C41) -> 0.84928505 | F41: =B41*E41 -> 85.618549 | G41: 21.203297 | H41: =(1/(1+$B$46/200))^G41 -> 0.85171438 | I41: =B41*H41 -> 85.863456 | J41: 10.5 | K41: 1.5330825 | L41: 11 | M41: 1.5684761 | N41: =IF(L41=J41,K41,K41+(M41-K41)*(C41-J41)/(L41-J41)) -> 1.5404229
A43: Curve dirty price = SUM(PV) | B43: =SUM(F20:F41) -> 101.02674
A44: Accrued interest | B44: =B12 -> 0
A45: Curve clean price | B45: =B43-B44 -> 101.02674
A46: Model yield (% , brentq in Python) | B46: 1.5196983
A47: Price at the model yield = SUM(PV at model yield) | B47: =SUM(I20:I41) -> 101.02674
A48: Check: price at model yield - curve dirty (≈ 0) | B48: =B47-B43 -> 0
A49: M1 (bp) = 100·(AAY - model yield) | B49: =100*(B13-B46) -> 6.0290692
A50: Python M1 (bp), for comparison | B50: 6.0290692

Sheet A4 M1b
A1: A4: 1 5/8% Treasury Gilt 2028, auction 15 Mar 2018 - M1b baseline, T-25 to T-6 (decision #4)
A3: k (business days) | B3: Date | C3: Market yield (%): DMO yield (from the DMO clean price before 25 Nov 2002) | D3: Model yield (%, curve of that day) | E3: Residual (bp) = 100·(DMO - model) | F3: Included (1/0) | G3: Excluded because
A4: -25 | B4: 43139 | D4: 1.7007769 | E4: =IF(F4=1,100*(C4-D4),"") | F4: 0 | G4: outside the reference-price data (1 Nov 1998 - 21 Jul 2017)
A5: -24 | B5: 43140 | D5: 1.6714772 | E5: =IF(F5=1,100*(C5-D5),"") | F5: 0 | G5: outside the reference-price data (1 Nov 1998 - 21 Jul 2017)
A6: -23 | B6: 43143 | D6: 1.6741607 | E6: =IF(F6=1,100*(C6-D6),"") | F6: 0 | G6: outside the reference-price data (1 Nov 1998 - 21 Jul 2017)
A7: -22 | B7: 43144 | D7: 1.6954751 | E7: =IF(F7=1,100*(C7-D7),"") | F7: 0 | G7: outside the reference-price data (1 Nov 1998 - 21 Jul 2017)
A8: -21 | B8: 43145 | D8: 1.7086479 | E8: =IF(F8=1,100*(C8-D8),"") | F8: 0 | G8: outside the reference-price data (1 Nov 1998 - 21 Jul 2017)
A9: -20 | B9: 43146 | D9: 1.7344566 | E9: =IF(F9=1,100*(C9-D9),"") | F9: 0 | G9: outside the reference-price data (1 Nov 1998 - 21 Jul 2017)
A10: -19 | B10: 43147 | D10: 1.6676601 | E10: =IF(F10=1,100*(C10-D10),"") | F10: 0 | G10: outside the reference-price data (1 Nov 1998 - 21 Jul 2017)
A11: -18 | B11: 43150 | D11: 1.6839751 | E11: =IF(F11=1,100*(C11-D11),"") | F11: 0 | G11: outside the reference-price data (1 Nov 1998 - 21 Jul 2017)
A12: -17 | B12: 43151 | D12: 1.6535773 | E12: =IF(F12=1,100*(C12-D12),"") | F12: 0 | G12: outside the reference-price data (1 Nov 1998 - 21 Jul 2017)
A13: -16 | B13: 43152 | D13: 1.6363507 | E13: =IF(F13=1,100*(C13-D13),"") | F13: 0 | G13: outside the reference-price data (1 Nov 1998 - 21 Jul 2017)
A14: -15 | B14: 43153 | D14: 1.6312347 | E14: =IF(F14=1,100*(C14-D14),"") | F14: 0 | G14: outside the reference-price data (1 Nov 1998 - 21 Jul 2017)
A15: -14 | B15: 43154 | D15: 1.6132396 | E15: =IF(F15=1,100*(C15-D15),"") | F15: 0 | G15: outside the reference-price data (1 Nov 1998 - 21 Jul 2017)
... A23: -6 | B23: 43166 | D23: 1.5922046 | E23: =IF(F23=1,100*(C23-D23),"") | F23: 0 | G23: outside the reference-price data (1 Nov 1998 - 21 Jul 2017)
A25: Valid days (need ≥ 10) | B25: =SUM(F4:F23) -> 0
A26: Baseline = mean residual (bp) | B26: =IF(B25>=10,AVERAGEIF(F4:F23,1,E4:E23),"n/a") -> n/a
A27: M1 (bp), from the M1 sheet | B27: ='A4 M1'!B49 -> 6.0290692
A28: M1b (bp) = M1 - baseline | B28: =IF(B25>=10,B27-B26,"n/a") -> n/a
A29: Python M1b (bp), for comparison
A30: Python note | B30: new issue: no prices before launch

Sheet A4 control
A1: A4: control maturities = BoE points 2-30y more than 3y from the gilt's 10.60y to maturity (45 points). Top: z (%); bottom: daily change (bp).
A3: k | B3: Date | C3: z 2y | D3: z 2.5y | E3: z 3y | F3: z 3.5y | G3: z 4y | H3: z 4.5y | I3: z 5y | J3: z 5.5y | K3: z 6y | L3: z 6.5y | M3: z 7y | N3: z 7.5y | O3: z 14y | P3: z 14.5y | Q3: z 15y | R3: z 15.5y | S3: z 16y | T3: z 16.5y | U3: z 17y | V3: z 17.5y | W3: z 18y | X3: z 18.5y | Y3: z 19y | Z3: z 19.5y | AA3: z 20y | AB3: z 20.5y | AC3: z 21y | AD3: z 21.5y | AE3: z 22y | AF3: z 22.5y | AG3: z 23y | AH3: z 23.5y | AI3: z 24y | AJ3: z 24.5y | AK3: z 25y | AL3: z 25.5y | AM3: z 26y | AN3: z 26.5y | AO3: z 27y | AP3: z 27.5y | AQ3: z 28y | AR3: z 28.5y | AS3: z 29y | AT3: z 29.5y | AU3: z 30y
A4: -121 | B4: 43000 | C4: 0.43042886 | D4: 0.47237647 | E4: 0.52354456 | F4: 0.58141542 | G4: 0.6438945 | H4: 0.70934441 | I4: 0.77647266 | J4: 0.84428255 | K4: 0.91202693 | L4: 0.97915063 | M4: 1.045239 | N4: 1.1099658 | O4: 1.7568651 | P4: 1.7905007 | Q4: 1.8219947 | R4: 1.8513967 | S4: 1.8787544 | T4: 1.9041131 | U4: 1.9275162 | V4: 1.9490057 | W4: 1.9686214 | X4: 1.9864013 | Y4: 2.0023819 | Z4: 2.0165996 | AA4: 2.0290921 | AB4: 2.0398981 | AC4: 2.0490573 | AD4: 2.0566103 | AE4: 2.0625994 | AF4: 2.0670701 | AG4: 2.0700709 | AH4: 2.0716529 | AI4: 2.0718697 | AJ4: 2.0707775 | AK4: 2.0684354 | AL4: 2.0649051 | AM4: 2.0602507 | AN4: 2.0545389 | AO4: 2.0478397 | AP4: 2.0402256 | AQ4: 2.0317722 | AR4: 2.0225572 | AS4: 2.0126597 | AT4: 2.0021604 | AU4: 1.9911408
A5: -120 | B5: 43003 | C5: 0.41234397 | D5: 0.4536486 | E5: 0.50409421 | F5: 0.56119318 | G5: 0.62286413 | H5: 0.6874801 | I5: 0.75375859 | J5: 0.82071214 | K5: 0.88760462 | L5: 0.95389346 | M5: 1.0191787 | N5: 1.0831478 | O5: 1.7261617 | P5: 1.7598317 | Q5: 1.7913737 | R5: 1.8208315 | S5: 1.8482482 | T5: 1.8736654 | U5: 1.8971238 | V5: 1.9186629 | W5: 1.9383212 | X5: 1.9561362 | Y5: 1.9721441 | Z5: 1.9863819 | AA5: 1.9988876 | AB5: 2.0097009 | AC5: 2.0188621 | AD5: 2.026413 | AE5: 2.0323966 | AF5: 2.0368592 | AG5: 2.0398501 | AH5: 2.0414206 | AI5: 2.0416247 | AJ5: 2.0405189 | AK5: 2.0381625 | AL5: 2.0346173 | AM5: 2.0299475 | AN5: 2.0242201 | AO5: 2.0175051 | AP5: 2.0098755 | AQ5: 2.0014071 | AR5: 1.9921781 | AS5: 1.9822677 | AT5: 1.9717571 | AU5: 1.9607282
A6: -119 | B6: 43004 | C6: 0.42572548 | D6: 0.46637136 | E6: 0.51625313 | F6: 0.57284623 | G6: 0.6340277 | H6: 0.69813558 | I6: 0.76385894 | J6: 0.83018847 | K6: 0.89637619 | L6: 0.96187721 | M6: 1.026298 | N6: 1.0893387 | O6: 1.722832 | P6: 1.7562771 | Q6: 1.7876561 | R6: 1.8170057 | S6: 1.8443618 | T6: 1.8697595 | U6: 1.8932332 | V6: 1.9148167 | W6: 1.9345433 | X6: 1.952446 | Y6: 1.9685572 | Z6: 1.9829103 | AA6: 1.9955407 | AB6: 2.0064849 | AC6: 2.0157811 | AD6: 2.0234685 | AE6: 2.0295883 | AF6: 2.0341847 | AG6: 2.0373054 | AH6: 2.0390005 | AI6: 2.0393231 | AJ6: 2.0383293 | AK6: 2.0360783 | AL6: 2.0326322 | AM6: 2.0280557 | AN6: 2.0224166 | AO6: 2.0157858 | AP6: 2.0082372 | AQ6: 1.9998478 | AR6: 1.9906964 | AS6: 1.9808635 | AT6: 1.9704306 | AU6: 1.9594802
A7: -118 | B7: 43005 | C7: 0.44471797 | D7: 0.48935844 | E7: 0.54324308 | F7: 0.60351993 | G7: 0.66793544 | H7: 0.73480009 | I7: 0.80282298 | J7: 0.87103534 | K7: 0.93873769 | L7: 1.0054335 | M7: 1.0707739 | N7: 1.1344995 | O7: 1.7667341 | P7: 1.7997907 | Q7: 1.830779 | R7: 1.8597385 | S7: 1.8867075 | T7: 1.9117233 | U7: 1.934822 | V7: 1.9560393 | W7: 1.97541 | X7: 1.9929686 | Y7: 2.0087495 | Z7: 2.0227877 | AA7: 2.0351199 | AB7: 2.0457838 | AC7: 2.0548185 | AD7: 2.062264 | AE7: 2.0681619 | AF7: 2.0725565 | AG7: 2.0754948 | AH7: 2.0770262 | AI7: 2.0772026 | AJ7: 2.0760787 | AK7: 2.0737124 | AL7: 2.0701639 | AM7: 2.0654962 | AN7: 2.0597752 | AO7: 2.0530702 | AP7: 2.0454532 | AQ7: 2.0369995 | AR7: 2.027786 | AS7: 2.0178916 | AT7: 2.0073963 | AU7: 1.9963813
A8: -117 | B8: 43006 | C8: 0.44083538 | D8: 0.48604372 | E8: 0.54035744 | F8: 0.60101358 | G8: 0.66579663 | H8: 0.7330286 | I8: 0.80141861 | J8: 0.86999297 | K8: 0.93804602 | L8: 1.0050717 | M8: 1.0707084 | N8: 1.134684 | O8: 1.7638771 | P8: 1.796426 | Q8: 1.8269204 | R8: 1.8554068 | S8: 1.8819291 | T8: 1.906529 | U8: 1.9292458 | V8: 1.9501174 | W8: 1.96918 | X8: 1.9864686 | Y8: 2.0020172 | Z8: 2.0158598 | AA8: 2.0280315 | AB8: 2.0385681 | AC8: 2.0475063 | AD8: 2.0548831 | AE8: 2.0607373 | AF8: 2.0651097 | AG8: 2.0680444 | AH8: 2.0695877 | AI8: 2.0697886 | AJ8: 2.0686992 | AK8: 2.066375 | AL8: 2.0628742 | AM8: 2.0582579 | AN8: 2.0525906 | AO8: 2.0459403 | AP8: 2.0383784 | AQ8: 2.0299791 | AR8: 2.0208193 | AS8: 2.0109774 | AT8: 2.0005332 | AU8: 1.989568
A9: -116 | B9: 43007 | C9: 0.43372564 | D9: 0.47718844 | E9: 0.52959762 | F9: 0.58832709 | G9: 0.65129264 | H9: 0.71689808 | I9: 0.78389151 | J9: 0.85130494 | K9: 0.91842118 | L9: 0.98470912 | M9: 1.0497741 | N9: 1.1133102 | O9: 1.7401443 | P9: 1.7725964 | Q9: 1.8030101 | R9: 1.8314326 | S9: 1.857908 | T9: 1.8824774 | U9: 1.9051798 | V9: 1.926052 | W9: 1.9451291 | X9: 1.9624447 | Y9: 1.9780314 | Z9: 1.9919216 | AA9: 2.0041487 | AB9: 2.0147471 | AC9: 2.0237515 | AD9: 2.0311976 | AE9: 2.0371224 | AF9: 2.0415654 | AG9: 2.044569 | AH9: 2.0461781 | AI9: 2.0464403 | AJ9: 2.0454064 | AK9: 2.0431304 | AL9: 2.0396693 | AM9: 2.0350828 | AN9: 2.0294343 | AO9: 2.0227906 | AP9: 2.0152218 | AQ9: 2.0068014 | AR9: 1.9976052 | AS9: 1.9877109 | AT9: 1.9771978 | AU9: 1.9661466
A10: -115 | B10: 43010 | C10: 0.41285195 | D10: 0.45580893 | E10: 0.50768987 | F10: 0.56573943 | G10: 0.6278859 | H10: 0.69256692 | I10: 0.75856626 | J10: 0.82495215 | K10: 0.89104489 | L10: 0.95635023 | M10: 1.020506 | N10: 1.0832324 | O10: 1.7085082 | P10: 1.7411885 | Q10: 1.7718388 | R10: 1.8005028 | S10: 1.8272218 | T10: 1.852035 | U10: 1.8749799 | V10: 1.8960922 | W10: 1.915406 | X10: 1.9329538 | Y10: 1.9487669 | Z10: 1.9628764 | AA10: 1.9753141 | AB10: 1.9861125 | AC10: 1.9953047 | AD10: 2.0029242 | AE10: 2.0090059 | AF10: 2.0135872 | AG10: 2.0167083 | AH10: 2.0184121 | AI10: 2.0187441 | AJ10: 2.0177533 | AK10: 2.015492 | AL10: 2.0120158 | AM10: 2.0073832 | AN10: 2.0016568 | AO10: 1.9949026 | AP10: 1.9871906 | AQ10: 1.9785942 | AR10: 1.9691897 | AS10: 1.9590555 | AT10: 1.9482721 | AU10: 1.9369216
A11: -114 | B11: 43011 | C11: 0.43294213 | D11: 0.47582618 | E11: 0.52802378 | F11: 0.58667165 | G11: 0.64962931 | H11: 0.71527642 | I11: 0.78234299 | J11: 0.8498474 | K11: 0.91706314 | L11: 0.98345177 | M11: 1.04861 | N11: 1.1122232 | O11: 1.736489 | P11: 1.7685347 | Q11: 1.7985459 | R11: 1.826577 | S11: 1.8526789 | T11: 1.876899 | U11: 1.8992821 | V11: 1.9198707 | W11: 1.9387048 | X11: 1.9558225 | Y11: 1.97126 | Z11: 1.9850528 | AA11: 1.9972363 | AB11: 2.0078459 | AC11: 2.0169168 | AD11: 2.0244841 | AE11: 2.0305835 | AF11: 2.0352523 | AG11: 2.0385296 | AH11: 2.0404562 | AI11: 2.0410748 | AJ11: 2.0404306 | AK11: 2.0385718 | AL11: 2.0355486 | AM11: 2.0314142 | AN11: 2.0262248 | AO11: 2.0200403 | AP11: 2.012924 | AQ11: 2.0049429 | AR11: 1.9961669 | AS11: 1.9866681 | AT11: 1.9765214 | AU11: 1.9658031
A12: -113 | B12: 43012 | C12: 0.4336196 | D12: 0.47673289 | E12: 0.52947341 | F12: 0.5887902 | G12: 0.65246158 | H12: 0.71884366 | I12: 0.78666729 | J12: 0.85495663 | K12: 0.9229862 | L12: 0.99021245 | M12: 1.0562209 | N12: 1.1206853 | O12: 1.7542957 | P12: 1.7868036 | Q12: 1.8172274 | R12: 1.8456247 | S12: 1.8720501 | T12: 1.8965556 | U12: 1.9191904 | V12: 1.9400018 | W12: 1.9590345 | X12: 1.9763306 | Y12: 1.9919297 | Z12: 2.0058702 | AA12: 2.0181897 | AB12: 2.0289254 | AC12: 2.0381137 | AD12: 2.0457909 | AE12: 2.0519932 | AF12: 2.0567582 | AG12: 2.0601252 | AH12: 2.062135 | AI12: 2.0628303 | AJ12: 2.0622566 | AK12: 2.060462 | AL12: 2.0574973 | AM12: 2.0534158 | AN12: 2.0482746 | AO12: 2.0421339 | AP12: 2.035058 | AQ12: 2.0271145 | AR12: 2.0183739 | AS12: 2.0089091 | AT12: 1.9987953 | AU12: 1.9881095
A13: -112 | B13: 43013 | C13: 0.44445978 | D13: 0.48687439 | E13: 0.53903492 | F13: 0.59797464 | G13: 0.66147361 | H13: 0.72786885 | I13: 0.79586748 | J13: 0.86447064 | K13: 0.93293404 | L13: 1.0007029 | M13: 1.067358 | N13: 1.1325729 | O13: 1.7826182 | P13: 1.8163031 | Q13: 1.847804 | R13: 1.8771725 | S13: 1.9044599 | T13: 1.9297173 | U13: 1.952995 | V13: 1.9743433 | W13: 1.993811 | X13: 2.0114454 | Y13: 2.0272926 | Z13: 2.0413978 | AA13: 2.053806 | AB13: 2.0645618 | AC13: 2.0737096 | AD13: 2.0812937 | AE13: 2.0873586 | AF13: 2.0919497 | AG13: 2.0951136 | AH13: 2.0968983 | AI13: 2.0973527 | AJ13: 2.0965283 | AK13: 2.0944782 | AL13: 2.0912577 | AM13: 2.086924 | AN13: 2.0815374 | AO13: 2.0751609 | AP13: 2.0678605 | AQ13: 2.0597054 | AR13: 2.050767 | AS13: 2.0411189 | AT13: 2.0308364 | AU13: 2.0199963
A14: -111 | B14: 43014 | C14: 0.40713426 | D14: 0.45144866 | E14: 0.50561664 | F14: 0.56647138 | G14: 0.63172633 | H14: 0.6996997 | I14: 0.76909772 | J14: 0.83893247 | K14: 0.9084738 | L14: 0.97718537 | M14: 1.0446667 | N14: 1.1106123 | O14: 1.7679499 | P14: 1.8021475 | Q14: 1.8341372 | R14: 1.8639669 | S14: 1.891685 | T14: 1.9173394 | U14: 1.9409784 | V14: 1.9626497 | W14: 1.9824 | X14: 2.0002745 | Y14: 2.0163169 | Z14: 2.0305706 | AA14: 2.0430794 | AB14: 2.0538875 | AC14: 2.0630393 | AD14: 2.0705793 | AE14: 2.0765532 | AF14: 2.0810086 | AG14: 2.0839949 | AH14: 2.0855637 | AI14: 2.085768 | AJ14: 2.0846635 | AK14: 2.0823081 | AL14: 2.078762 | AM14: 2.0740874 | AN14: 2.0683496 | AO14: 2.0616164 | AP14: 2.0539586 | AQ14: 2.0454498 | AR14: 2.0361654 | AS14: 2.0261825 | AT14: 2.0155796 | AU14: 2.0044362
A15: -110 | B15: 43017 | C15: 0.40721948 | D15: 0.44958491 | E15: 0.50197921 | F15: 0.56131953 | G15: 0.62533723 | H15: 0.69233749 | I15: 0.76100174 | J15: 0.83031453 | K15: 0.89951741 | L15: 0.9680474 | M15: 1.0354803 | N15: 1.1014884 | O15: 1.7633737 | P15: 1.7979031 | Q15: 1.8302005 | R15: 1.8603147 | S15: 1.8882951 | T15: 1.9141917 | U15: 1.9380542 | V15: 1.9599326 | W15: 1.9798754 | X15: 1.9979291 | Y15: 2.0141381 | Z15: 2.028546 | AA15: 2.041196 | AB15: 2.0521309 | AC15: 2.0613934 | AD15: 2.0690256 | AE15: 2.0750704 | AF15: 2.0795719 | AG15: 2.0825763 | AH15: 2.0841313 | AI15: 2.0842869 | AJ15: 2.0830959 | AK15: 2.0806144 | AL15: 2.0769009 | AM15: 2.0720172 | AN15: 2.0660285 | AO15: 2.0590038 | AP15: 2.0510158 | AQ15: 2.0421408 | AR15: 2.0324574 | AS15: 2.0220463 | AT15: 2.0109902 | AU15: 1.9993731
... A135: 10 | B135: 43188 | C135: 0.7692531 | D135: 0.81205831 | E135: 0.85539257 | F135: 0.89915785 | G135: 0.94311386 | H135: 0.98696378 | I135: 1.030448 | J135: 1.0734052 | K135: 1.1157604 | L135: 1.1574818 | M135: 1.1985327 | N135: 1.2388409 | O135: 1.6322213 | P135: 1.6499727 | Q135: 1.6661098 | R135: 1.6807377 | S135: 1.6939621 | T135: 1.7058898 | U135: 1.7166271 | V135: 1.7262736 | W135: 1.7349178 | X135: 1.7426381 | Y135: 1.7495 | Z135: 1.7555547 | AA135: 1.7608408 | AB135: 1.7653858 | AC135: 1.7692074 | AD135: 1.7723135 | AE135: 1.7747011 | AF135: 1.7763587 | AG135: 1.7772691 | AH135: 1.7774118 | AI135: 1.7767673 | AJ135: 1.7753184 | AK135: 1.7730496 | AL135: 1.7699488 | AM135: 1.7660109 | AN135: 1.7612386 | AO135: 1.7556424 | AP135: 1.7492409 | AQ135: 1.7420611 | AR135: 1.7341379 | AS135: 1.7255139 | AT135: 1.7162383 | AU135: 1.7063671
A138: k | B138: Date | C138: Δz 2y (bp) | D138: Δz 2.5y (bp) | E138: Δz 3y (bp) | F138: Δz 3.5y (bp) | G138: Δz 4y (bp) | H138: Δz 4.5y (bp) | I138: Δz 5y (bp) | J138: Δz 5.5y (bp) | K138: Δz 6y (bp) | L138: Δz 6.5y (bp) | M138: Δz 7y (bp) | N138: Δz 7.5y (bp) | O138: Δz 14y (bp) | P138: Δz 14.5y (bp) | Q138: Δz 15y (bp) | R138: Δz 15.5y (bp) | S138: Δz 16y (bp) | T138: Δz 16.5y (bp) | U138: Δz 17y (bp) | V138: Δz 17.5y (bp) | W138: Δz 18y (bp) | X138: Δz 18.5y (bp) | Y138: Δz 19y (bp) | Z138: Δz 19.5y (bp) | AA138: Δz 20y (bp) | AB138: Δz 20.5y (bp) | AC138: Δz 21y (bp) | AD138: Δz 21.5y (bp) | AE138: Δz 22y (bp) | AF138: Δz 22.5y (bp) | AG138: Δz 23y (bp) | AH138: Δz 23.5y (bp) | AI138: Δz 24y (bp) | AJ138: Δz 24.5y (bp) | AK138: Δz 25y (bp) | AL138: Δz 25.5y (bp) | AM138: Δz 26y (bp) | AN138: Δz 26.5y (bp) | AO138: Δz 27y (bp) | AP138: Δz 27.5y (bp) | AQ138: Δz 28y (bp) | AR138: Δz 28.5y (bp) | AS138: Δz 29y (bp) | AT138: Δz 29.5y (bp) | AU138: Δz 30y (bp) | AV138: Control Δc = average (bp)
A139: =A5 -> -120 | B139: =B5 -> 43003 | C139: =100*(C5-C4) -> -1.8084884 | D139: =100*(D5-D4) -> -1.8727861 | E139: =100*(E5-E4) -> -1.9450348 | F139: =100*(F5-F4) -> -2.0222237 | G139: =100*(G5-G4) -> -2.1030371 | H139: =100*(H5-H4) -> -2.1864307 | I139: =100*(I5-I4) -> -2.2714076 | J139: =100*(J5-J4) -> -2.3570408 | ... AU139: =100*(AU5-AU4) -> -3.0412633 | AV139: =AVERAGE(C139:AU139) -> -2.8210554
A140: =A6 -> -119 | B140: =B6 -> 43004 | C140: =100*(C6-C5) -> 1.3381511 | D140: =100*(D6-D5) -> 1.2722756 | E140: =100*(E6-E5) -> 1.2158918 | F140: =100*(F6-F5) -> 1.165305 | G140: =100*(G6-G5) -> 1.1163574 | H140: =100*(H6-H5) -> 1.0655477 | I140: =100*(I6-I5) -> 1.0100354 | J140: =100*(J6-J5) -> 0.9476327 | ... AU140: =100*(AU6-AU5) -> -0.1248014 | AV140: =AVERAGE(C140:AU140) -> 0.069388171
A141: =A7 -> -118 | B141: =B7 -> 43005 | C141: =100*(C7-C6) -> 1.8992482 | D141: =100*(D7-D6) -> 2.2987084 | E141: =100*(E7-E6) -> 2.6989953 | F141: =100*(F7-F6) -> 3.0673703 | G141: =100*(G7-G6) -> 3.3907744 | H141: =100*(H7-H6) -> 3.6664509 | I141: =100*(I7-I6) -> 3.8964041 | J141: =100*(J7-J6) -> 4.0846874 | ... AU141: =100*(AU7-AU6) -> 3.6901121 | AV141: =AVERAGE(C141:AU141) -> 3.8278544
A142: =A8 -> -117 | B142: =B8 -> 43006 | C142: =100*(C8-C7) -> -0.38825858 | D142: =100*(D8-D7) -> -0.33147204 | E142: =100*(E8-E7) -> -0.28856386 | F142: =100*(F8-F7) -> -0.25063516 | G142: =100*(G8-G7) -> -0.21388135 | H142: =100*(H8-H7) -> -0.17714822 | I142: =100*(I8-I7) -> -0.14043745 | J142: =100*(J8-J7) -> -0.10423719 | ... AU142: =100*(AU8-AU7) -> -0.68133213 | AV142: =AVERAGE(C142:AU142) -> -0.51897117
A143: =A9 -> -116 | B143: =B9 -> 43007 | C143: =100*(C9-C8) -> -0.71097415 | D143: =100*(D9-D8) -> -0.88552834 | E143: =100*(E9-E8) -> -1.0759821 | F143: =100*(F9-F8) -> -1.2686486 | G143: =100*(G9-G8) -> -1.4503991 | H143: =100*(H9-H8) -> -1.6130523 | I143: =100*(I9-I8) -> -1.7527095 | J143: =100*(J9-J8) -> -1.8688029 | ... AU143: =100*(AU9-AU8) -> -2.3421408 | AV143: =AVERAGE(C143:AU143) -> -2.150085
A144: =A10 -> -115 | B144: =B10 -> 43010 | C144: =100*(C10-C9) -> -2.0873688 | D144: =100*(D10-D9) -> -2.1379512 | E144: =100*(E10-E9) -> -2.1907749 | F144: =100*(F10-F9) -> -2.2587664 | G144: =100*(G10-G9) -> -2.3406739 | H144: =100*(H10-H9) -> -2.4331162 | I144: =100*(I10-I9) -> -2.5325257 | J144: =100*(J10-J9) -> -2.6352798 | ... AU144: =100*(AU10-AU9) -> -2.9224986 | AV144: =AVERAGE(C144:AU144) -> -2.7923992
A145: =A11 -> -114 | B145: =B11 -> 43011 | C145: =100*(C11-C10) -> 2.0090181 | D145: =100*(D11-D10) -> 2.001725 | E145: =100*(E11-E10) -> 2.0333908 | F145: =100*(F11-F10) -> 2.0932221 | G145: =100*(G11-G10) -> 2.174341 | H145: =100*(H11-H10) -> 2.2709498 | I145: =100*(I11-I10) -> 2.3776737 | J145: =100*(J11-J10) -> 2.4895253 | ... AU145: =100*(AU11-AU10) -> 2.8881497 | AV145: =AVERAGE(C145:AU145) -> 2.4114575
A146: =A12 -> -113 | B146: =B12 -> 43012 | C146: =100*(C12-C11) -> 0.067747169 | D146: =100*(D12-D11) -> 0.090670752 | E146: =100*(E12-E11) -> 0.14496278 | F146: =100*(F12-F11) -> 0.21185524 | G146: =100*(G12-G11) -> 0.28322699 | H146: =100*(H12-H11) -> 0.35672476 | I146: =100*(I12-I11) -> 0.43243004 | J146: =100*(J12-J11) -> 0.51092289 | ... AU146: =100*(AU12-AU11) -> 2.2306424 | AV146: =AVERAGE(C146:AU146) -> 1.6501439
A147: =A13 -> -112 | B147: =B13 -> 43013 | C147: =100*(C13-C12) -> 1.0840172 | D147: =100*(D13-D12) -> 1.0141506 | E147: =100*(E13-E12) -> 0.95615119 | F147: =100*(F13-F12) -> 0.91844346 | G147: =100*(G13-G12) -> 0.90120286 | H147: =100*(H13-H12) -> 0.9025189 | I147: =100*(I13-I12) -> 0.92001851 | J147: =100*(J13-J12) -> 0.95140159 | ... AU147: =100*(AU13-AU12) -> 3.188677 | AV147: =AVERAGE(C147:AU147) -> 2.7274237
A148: =A14 -> -111 | B148: =B14 -> 43014 | C148: =100*(C14-C13) -> -3.7325518 | D148: =100*(D14-D13) -> -3.5425733 | E148: =100*(E14-E13) -> -3.3418282 | F148: =100*(F14-F13) -> -3.1503258 | G148: =100*(G14-G13) -> -2.9747283 | H148: =100*(H14-H13) -> -2.8169158 | I148: =100*(I14-I13) -> -2.6769756 | J148: =100*(J14-J13) -> -2.5538172 | ... AU148: =100*(AU14-AU13) -> -1.5560056 | AV148: =AVERAGE(C148:AU148) -> -1.6725618
A149: =A15 -> -110 | B149: =B15 -> 43017 | C149: =100*(C15-C14) -> 0.0085217442 | D149: =100*(D15-D14) -> -0.18637497 | E149: =100*(E15-E14) -> -0.36374311 | F149: =100*(F15-F14) -> -0.51518462 | G149: =100*(G15-G14) -> -0.63890987 | H149: =100*(H15-H14) -> -0.73622037 | I149: =100*(I15-I14) -> -0.80959823 | J149: =100*(J15-J14) -> -0.86179428 | ... AU149: =100*(AU15-AU14) -> -0.50631381 | AV149: =AVERAGE(C149:AU149) -> -0.36681222
A150: =A16 -> -109 | B150: =B16 -> 43018 | C150: =100*(C16-C15) -> 1.98573 | D150: =100*(D16-D15) -> 1.9611586 | E150: =100*(E16-E15) -> 1.9247963 | F150: =100*(F16-F15) -> 1.876057 | G150: =100*(G16-G15) -> 1.814403 | H150: =100*(H16-H15) -> 1.7405095 | I150: =100*(I16-I15) -> 1.6560832 | J150: =100*(J16-J15) -> 1.5636493 | ... AU150: =100*(AU16-AU15) -> -0.33933591 | AV150: =AVERAGE(C150:AU150) -> 0.43270497
... A269: =A135 -> 10 | B269: =B135 -> 43188 | C269: =100*(C135-C134) -> -0.41133391 | D269: =100*(D135-D134) -> -0.80367556 | E269: =100*(E135-E134) -> -0.97040954 | F269: =100*(F135-F134) -> -1.0319223 | G269: =100*(G135-G134) -> -1.0459916 | H269: =100*(H135-H134) -> -1.0423677 | I269: =100*(I135-I134) -> -1.0367012 | J269: =100*(J135-J134) -> -1.0363276 | ... AU269: =100*(AU135-AU134) -> -0.56295064 | AV269: =AVERAGE(C269:AU269) -> -0.84057072

Sheet A4 M2
A1: A4: 1 5/8% Treasury Gilt 2028, auction 15 Mar 2018 - M2 with control B-β (decision #13)
A3: k | B3: Date | C3: Model yield y (%) | D3: Δy (bp) | E3: Δc (bp), from control sheet | F3: In β window (1/0) | G3: AR B-β = Δy - β·Δc | H3: CAR B-β (base T-6) | I3: AR B (β = 1) | J3: CAR B | K3: Raw cumulative Δy
A4: -121 | B4: 43000 | C4: 1.437134 | F4: 0
A5: -120 | B5: 43003 | C5: 1.4073257 | D5: =100*(C5-C4) -> -2.9808379 | E5: ='A4 control'!AV139 -> -2.8210554 | F5: 1
A6: -119 | B6: 43004 | C6: 1.4081318 | D6: =100*(C6-C5) -> 0.080611052 | E6: ='A4 control'!AV140 -> 0.069388171 | F6: 1
A7: -118 | B7: 43005 | C7: 1.4539856 | D7: =100*(C7-C6) -> 4.5853828 | E7: ='A4 control'!AV141 -> 3.8278544 | F7: 1
A8: -117 | B8: 43006 | C8: 1.4540374 | D8: =100*(C8-C7) -> 0.005177971 | E8: ='A4 control'!AV142 -> -0.51897117 | F8: 1
A9: -116 | B9: 43007 | C9: 1.4314511 | D9: =100*(C9-C8) -> -2.258625 | E9: ='A4 control'!AV143 -> -2.150085 | F9: 1
A10: -115 | B10: 43010 | C10: 1.3991723 | D10: =100*(C10-C9) -> -3.2278779 | E10: ='A4 control'!AV144 -> -2.7923992 | F10: 1
A11: -114 | B11: 43011 | C11: 1.4300686 | D11: =100*(C11-C10) -> 3.0896238 | E11: ='A4 control'!AV145 -> 2.4114575 | F11: 1
A12: -113 | B12: 43012 | C12: 1.4431157 | D12: =100*(C12-C11) -> 1.3047091 | E12: ='A4 control'!AV146 -> 1.6501439 | F12: 1
A13: -112 | B13: 43013 | C13: 1.4615407 | D13: =100*(C13-C12) -> 1.8425071 | E13: ='A4 control'!AV147 -> 2.7274237 | F13: 1
A14: -111 | B14: 43014 | C14: 1.4425551 | D14: =100*(C14-C13) -> -1.8985602 | E14: ='A4 control'!AV148 -> -1.6725618 | F14: 1
A15: -110 | B15: 43017 | C15: 1.4352173 | D15: =100*(C15-C14) -> -0.73378405 | E15: ='A4 control'!AV149 -> -0.36681222 | F15: 1
A16: -109 | B16: 43018 | C16: 1.4418271 | D16: =100*(C16-C15) -> 0.66097646 | E16: ='A4 control'!AV150 -> 0.43270497 | F16: 1
... A114: -11 | B114: 43159 | C114: 1.5978488 | D114: =100*(C114-C113) -> -4.5841771 | E114: ='A4 control'!AV248 -> -4.2269119 | F114: 0
A115: -10 | B115: 43160 | C115: 1.5597578 | D115: =100*(C115-C114) -> -3.8091017 | E115: ='A4 control'!AV249 -> -2.9960379 | F115: 0 | G115: =D115-$B$137*E115 -> -0.36594552 | H115: =H116-G116 -> 0.03436265 | I115: =D115-E115 -> -0.81306379 | J115: =J116-I116 -> -0.39144469 | K115: =K116-D116 -> -3.2446829
A116: -9 | B116: 43161 | C116: 1.5521763 | D116: =100*(C116-C115) -> -0.75815011 | E116: ='A4 control'!AV250 -> -0.49138882 | F116: 0 | G116: =D116-$B$137*E116 -> -0.19342813 | H116: =H117-G117 -> -0.15906548 | I116: =D116-E116 -> -0.26676128 | J116: =J117-I117 -> -0.65820598 | K116: =K117-D117 -> -4.0028331
A117: -8 | B117: 43164 | C117: 1.5847367 | D117: =100*(C117-C116) -> 3.2560417 | E117: ='A4 control'!AV251 -> 3.0316929 | F117: 0 | G117: =D117-$B$137*E117 -> -0.22809049 | H117: =H118-G118 -> -0.38715597 | I117: =D117-E117 -> 0.22434881 | J117: =J118-I118 -> -0.43385717 | K117: =K118-D118 -> -0.74679132
A118: -7 | B118: 43165 | C118: 1.614402 | D118: =100*(C118-C117) -> 2.9665256 | E118: ='A4 control'!AV252 -> 2.3876343 | F118: 0 | G118: =D118-$B$137*E118 -> 0.22256898 | H118: =H119-G119 -> -0.16458699 | I118: =D118-E118 -> 0.57889122 | J118: =J119-I119 -> 0.14503405 | K118: =K119-D119 -> 2.2197342
A119: -6 | B119: 43166 | C119: 1.5922046 | D119: =100*(C119-C118) -> -2.2197342 | E119: ='A4 control'!AV253 -> -2.0747002 | F119: 0 | G119: =D119-$B$137*E119 -> 0.16458699 | H119: 0 | I119: =D119-E119 -> -0.14503405 | J119: 0 | K119: 0
A120: -5 | B120: 43167 | C120: 1.5720421 | D120: =100*(C120-C119) -> -2.0162528 | E120: ='A4 control'!AV254 -> -1.1987922 | F120: 0 | G120: =D120-$B$137*E120 -> -0.63855698 | H120: =H119+G120 -> -0.63855698 | I120: =D120-E120 -> -0.81746056 | J120: =J119+I120 -> -0.81746056 | K120: =K119+D120 -> -2.0162528
A121: -4 | B121: 43168 | C121: 1.5973117 | D121: =100*(C121-C120) -> 2.5269639 | E121: ='A4 control'!AV255 -> 3.0708203 | F121: 0 | G121: =D121-$B$137*E121 -> -1.0021349 | H121: =H120+G121 -> -1.6406919 | I121: =D121-E121 -> -0.54385635 | J121: =J120+I121 -> -1.3613169 | K121: =K120+D121 -> 0.51071116
A122: -3 | B122: 43171 | C122: 1.5980846 | D122: =100*(C122-C121) -> 0.077282032 | E122: ='A4 control'!AV256 -> 0.26936466 | F122: 0 | G122: =D122-$B$137*E122 -> -0.23228168 | H122: =H121+G122 -> -1.8729735 | I122: =D122-E122 -> -0.19208263 | J122: =J121+I122 -> -1.5533995 | K122: =K121+D122 -> 0.58799319
A123: -2 | B123: 43172 | C123: 1.5785281 | D123: =100*(C123-C122) -> -1.9556437 | E123: ='A4 control'!AV257 -> -3.3555465 | F123: 0 | G123: =D123-$B$137*E123 -> 1.9006729 | H123: =H122+G123 -> 0.027699354 | I123: =D123-E123 -> 1.3999028 | J123: =J122+I123 -> -0.15349673 | K123: =K122+D123 -> -1.3676505
A124: -1 | B124: 43173 | C124: 1.5196983 | D124: =100*(C124-C123) -> -5.8829808 | E124: ='A4 control'!AV258 -> -6.1294312 | F124: 0 | G124: =D124-$B$137*E124 -> 1.1611854 | H124: =H123+G124 -> 1.1888848 | I124: =D124-E124 -> 0.24645044 | J124: =J123+I124 -> 0.092953703 | K124: =K123+D124 -> -7.2506313
A125: 0 | B125: 43174 | C125: 1.5255504 | D125: =100*(C125-C124) -> 0.58521178 | E125: ='A4 control'!AV259 -> -0.42729243 | F125: 0 | G125: =D125-$B$137*E125 -> 1.0762718 | H125: =H124+G125 -> 2.2651566 | I125: =D125-E125 -> 1.0125042 | J125: =J124+I125 -> 1.1054579 | K125: =K124+D125 -> -6.6654195
A126: 1 | B126: 43175 | C126: 1.5254593 | D126: =100*(C126-C125) -> -0.009114385 | E126: ='A4 control'!AV260 -> -0.3944411 | F126: 0 | G126: =D126-$B$137*E126 -> 0.44419173 | H126: =H125+G126 -> 2.7093483 | I126: =D126-E126 -> 0.38532671 | J126: =J125+I126 -> 1.4907846 | K126: =K125+D126 -> -6.6745339
A127: 2 | B127: 43178 | C127: 1.5292222 | D127: =100*(C127-C126) -> 0.37628697 | E127: ='A4 control'!AV261 -> -1.2909868 | F127: 0 | G127: =D127-$B$137*E127 -> 1.8599362 | H127: =H126+G127 -> 4.5692845 | I127: =D127-E127 -> 1.6672738 | J127: =J126+I127 -> 3.1580584 | K127: =K126+D127 -> -6.298247
A128: 3 | B128: 43179 | C128: 1.5720672 | D128: =100*(C128-C127) -> 4.2845059 | E128: ='A4 control'!AV262 -> 2.2624154 | F128: 0 | G128: =D128-$B$137*E128 -> 1.6844555 | H128: =H127+G128 -> 6.2537401 | I128: =D128-E128 -> 2.0220905 | J128: =J127+I128 -> 5.180149 | K128: =K127+D128 -> -2.0137411
A129: 4 | B129: 43180 | C129: 1.6159606 | D129: =100*(C129-C128) -> 4.3893367 | E129: ='A4 control'!AV263 -> 2.9702921 | F129: 0 | G129: =D129-$B$137*E129 -> 0.97576853 | H129: =H128+G129 -> 7.2295086 | I129: =D129-E129 -> 1.4190446 | J129: =J128+I129 -> 6.5991935 | K129: =K128+D129 -> 2.3755956
A130: 5 | B130: 43181 | C130: 1.5010315 | D130: =100*(C130-C129) -> -11.492903 | E130: ='A4 control'!AV264 -> -9.0445346 | F130: 0 | G130: =D130-$B$137*E130 -> -1.0985939 | H130: =H129+G130 -> 6.1309147 | I130: =D130-E130 -> -2.4483688 | J130: =J129+I130 -> 4.1508247 | K130: =K129+D130 -> -9.1173079
A131: 6 | B131: 43182 | C131: 1.531716 | D131: =100*(C131-C130) -> 3.0684443 | E131: ='A4 control'!AV265 -> 3.2724101 | F131: 0 | G131: =D131-$B$137*E131 -> -0.6923289 | H131: =H130+G131 -> 5.4385858 | I131: =D131-E131 -> -0.20396581 | J131: =J130+I131 -> 3.9468589 | K131: =K130+D131 -> -6.0488636
... A135: 10 | B135: 43188 | C135: 1.4426231 | D135: =100*(C135-C134) -> -1.2826727 | E135: ='A4 control'!AV269 -> -0.84057072 | F135: 0 | G135: =D135-$B$137*E135 -> -0.31665818 | H135: =H134+G135 -> 3.6621381 | I135: =D135-E135 -> -0.44210203 | J135: =J134+I135 -> 1.2441615 | K135: =K134+D135 -> -14.958151
A137: β = SLOPE(Δy, Δc) over k = -120..-21 | B137: =SLOPE(D5:D104,E5:E104) -> 1.1492365
A138: α (estimated, not subtracted) | B138: =INTERCEPT(D5:D104,E5:E104) -> 0.1074237
A139: R² | B139: =RSQ(D5:D104,E5:E104) -> 0.97380483
A140: Observations | B140: =COUNT(D5:D104) -> 100
A141: Python β, for comparison | B141: 1.1492365
A143: The PM's three numbers (bp) | B143: B-β (main) | C143: B (β = 1) | D143: Raw (no control) | E143: Python B-β
A144: Pre-auction cheapening, CAR(T-1) - CAR(T-6) | B144: =H124-H119 -> 1.1888848 | C144: =J124-J119 -> 0.092953703 | D144: =K124-K119 -> -7.2506313 | E144: 1.1888848
A145: Auction day, CAR(T) - CAR(T-1) | B145: =H125-H124 -> 1.0762718 | C145: =J125-J124 -> 1.0125042 | D145: =K125-K124 -> 0.58521178 | E145: 1.0762718
A146: Post-auction, CAR(T+5) - CAR(T) | B146: =H130-H125 -> 3.865758 | C146: =J130-J125 -> 3.0453668 | D146: =K130-K125 -> -2.4518883 | E146: 3.865758

Sheet A5 M1
A1: A5: 0½% Treasury Gilt 2061, auction 04 Oct 2022 - M1 (spec §7)
A3: Auction date | B3: 44838
A4: Settlement date (DMO issue date) | B4: 44839
A5: Effective settlement (first issue date if later, decision #10) | B5: 44839
A6: Curve date (T-1 close) | B6: 44837
A7: Coupon (% p.a.) | B7: 0.5
A8: Maturity | B8: 59101
A9: First issue date | B9: 43971
A10: First coupon date (source below) | B10: 44126
A11: First coupon source | B11: rule: issued >= 61 days before next quasi date -> short
A12: Accrued interest at settlement (cash_flows) | B12: 0.22677596
A13: Average accepted yield, AAY (% , D2.1A) | B13: 3.370646
A14: Curve: last maturity T (y) | B14: 40
A15: Curve: z(T) (%) | B15: 3.2021274
A16: Curve: BoE forward f(T) (%) | B16: 1.4455762
A19: Cash flow date | B19: Amount per £100 | C19: t = days/365.25 | D19: z(t) % (spline; flat fwd beyond T) | E19: DF = exp(-z/100·t) | F19: PV = amount·DF | G19: Exponent (semi-annual periods) | H19: v^exponent at model yield | I19: PV at model yield | J19: BoE point below | K19: z below | L19: BoE point above | M19: z above | N19: Linear interp. of z (check)
A20: 44856 | B20: 0.25 | C20: =(A20-$B$5)/365.25 -> 0.046543463 | D20: 3.0268914 | E20: =EXP(-D20/100*C20) -> 0.99859217 | F20: =B20*E20 -> 0.24964804 | G20: 0.092896175 | H20: =(1/(1+$B$103/200))^G20 -> 0.99846087 | I20: =B20*H20 -> 0.24961522
A21: 45038 | B21: 0.25 | C21: =(A21-$B$5)/365.25 -> 0.54483231 | D21: 3.3841085 | E21: =EXP(-D21/100*C21) -> 0.98173122 | F21: =B21*E21 -> 0.2454328 | G21: 1.0928962 | H21: =(1/(1+$B$103/200))^G21 -> 0.98204186 | I21: =B21*H21 -> 0.24551047 | J21: 0.5 | K21: 3.3186159 | L21: 0.583333 | M21: 3.4363554 | N21: =IF(L21=J21,K21,K21+(M21-K21)*(C21-J21)/(L21-J21)) -> 3.3819586
A22: 45221 | B22: 0.25 | C22: =(A22-$B$5)/365.25 -> 1.045859 | D22: 3.8367042 | E22: =EXP(-D22/100*C22) -> 0.96066789 | F22: =B22*E22 -> 0.24016697 | G22: 2.0928962 | H22: =(1/(1+$B$103/200))^G22 -> 0.96589285 | I22: =B22*H22 -> 0.24147321 | J22: 1 | K22: 3.810727 | L22: 1.083333 | M22: 3.8564435 | N22: =IF(L22=J22,K22,K22+(M22-K22)*(C22-J22)/(L22-J22)) -> 3.8358853
A23: 45404 | B23: 0.25 | C23: =(A23-$B$5)/365.25 -> 1.5468857 | D23: 4.0233196 | E23: =EXP(-D23/100*C23) -> 0.93966095 | F23: =B23*E23 -> 0.23491524 | G23: 3.0928962 | H23: =(1/(1+$B$103/200))^G23 -> 0.9500094 | I23: =B23*H23 -> 0.23750235 | J23: 1.5 | K23: 4.0112163 | L23: 1.583333 | M23: 4.0321922 | N23: =IF(L23=J23,K23,K23+(M23-K23)*(C23-J23)/(L23-J23)) -> 4.023018
A24: 45587 | B24: 0.25 | C24: =(A24-$B$5)/365.25 -> 2.0479124 | D24: 4.1133744 | E24: =EXP(-D24/100*C24) -> 0.91921218 | F24: =B24*E24 -> 0.22980304 | G24: 4.0928962 | H24: =(1/(1+$B$103/200))^G24 -> 0.93438714 | I24: =B24*H24 -> 0.23359678 | J24: 2 | K24: 4.1072429 | L24: 2.083333 | M24: 4.117638 | N24: =IF(L24=J24,K24,K24+(M24-K24)*(C24-J24)/(L24-J24)) -> 4.1132196
A25: 45769 | B25: 0.25 | C25: =(A25-$B$5)/365.25 -> 2.5462012 | D25: 4.1560028 | E25: =EXP(-D25/100*C25) -> 0.89958638 | F25: =B25*E25 -> 0.2248966 | G25: 5.0928962 | H25: =(1/(1+$B$103/200))^G25 -> 0.91902178 | I25: =B25*H25 -> 0.22975544 | J25: 2.5 | K25: 4.1534032 | L25: 2.583333 | M25: 4.1579279 | N25: =IF(L25=J25,K25,K25+(M25-K25)*(C25-J25)/(L25-J25)) -> 4.1559117
A26: 45952 | B26: 0.25 | C26: =(A26-$B$5)/365.25 -> 3.0472279 | D26: 4.1717058 | E26: =EXP(-D26/100*C26) -> 0.88062677 | F26: =B26*E26 -> 0.22015669 | G26: 6.0928962 | H26: =(1/(1+$B$103/200))^G26 -> 0.90390909 | I26: =B26*H26 -> 0.22597727 | J26: 3 | K26: 4.1710485 | L26: 3.083333 | M26: 4.172112 | N26: =IF(L26=J26,K26,K26+(M26-K26)*(C26-J26)/(L26-J26)) -> 4.1716512
A27: 46134 | B27: 0.25 | C27: =(A27-$B$5)/365.25 -> 3.5455168 | D27: 4.1710539 | E27: =EXP(-D27/100*C27) -> 0.86252994 | F27: =B27*E27 -> 0.21563249 | G27: 7.0928962 | H27: =(1/(1+$B$103/200))^G27 -> 0.88904492 | I27: =B27*H27 -> 0.22226123 | J27: 3.5 | K27: 4.171607 | L27: 3.583333 | M27: 4.1705305 | N27: =IF(L27=J27,K27,K27+(M27-K27)*(C27-J27)/(L27-J27)) -> 4.171019
A28: 46317 | B28: 0.25 | C28: =(A28-$B$5)/365.25 -> 4.0465435 | D28: 4.1600997 | E28: =EXP(-D28/100*C28) -> 0.84506626 | F28: =B28*E28 -> 0.21126656 | G28: 8.0928962 | H28: =(1/(1+$B$103/200))^G28 -> 0.87442518 | I28: =B28*H28 -> 0.21860629 | J28: 4 | K28: 4.1614403 | L28: 4.083333 | M28: 4.1590007 | N28: =IF(L28=J28,K28,K28+(M28-K28)*(C28-J28)/(L28-J28)) -> 4.1600777
A29: 46499 | B29: 0.25 | C29: =(A29-$B$5)/365.25 -> 4.5448323 | D29: 4.1427351 | E29: =EXP(-D29/100*C29) -> 0.82838243 | F29: =B29*E29 -> 0.20709561 | G29: 9.0928962 | H29: =(1/(1+$B$103/200))^G29 -> 0.86004585 | I29: =B29*H29 -> 0.21501146 | J29: 4.5 | K29: 4.1444869 | L29: 4.583333 | M29: 4.1412063 | N29: =IF(L29=J29,K29,K29+(M29-K29)*(C29-J29)/(L29-J29)) -> 4.142722
A30: 46682 | B30: 0.25 | C30: =(A30-$B$5)/365.25 -> 5.045859 | D30: 4.1214434 | E30: =EXP(-D30/100*C30) -> 0.81223772 | F30: =B30*E30 -> 0.20305943 | G30: 10.092896 | H30: =(1/(1+$B$103/200))^G30 -> 0.84590298 | I30: =B30*H30 -> 0.21147575 | J30: 5 | K30: 4.1234949 | L30: 5.5 | M30: 4.1005193 | N30: =IF(L30=J30,K30,K30+(M30-K30)*(C30-J30)/(L30-J30)) -> 4.1213876
A31: 46865 | B31: 0.25 | C31: =(A31-$B$5)/365.25 -> 5.5468857 | D31: 4.0983234 | E31: =EXP(-D31/100*C31) -> 0.79665839 | F31: =B31*E31 -> 0.1991646 | G31: 11.092896 | H31: =(1/(1+$B$103/200))^G31 -> 0.83199268 | I31: =B31*H31 -> 0.20799817 | J31: 5.5 | K31: 4.1005193 | L31: 6 | M31: 4.0771625 | N31: =IF(L31=J31,K31,K31+(M31-K31)*(C31-J31)/(L31-J31)) -> 4.0983291
A32: 47048 | B32: 0.25 | C32: =(A32-$B$5)/365.25 -> 6.0479124 | D32: 4.0749534 | E32: =EXP(-D32/100*C32) -> 0.78157074 | F32: =B32*E32 -> 0.19539269 | G32: 12.092896 | H32: =(1/(1+$B$103/200))^G32 -> 0.81831113 | I32: =B32*H32 -> 0.20457778 | J32: 6 | K32: 4.0771625 | L32: 6.5 | M32: 4.0546975 | N32: =IF(L32=J32,K32,K32+(M32-K32)*(C32-J32)/(L32-J32)) -> 4.0750098
... A98: 59101 | B98: 100.25 | C98: =(A98-$B$5)/365.25 -> 39.047228 | D98: 3.2442585 | E98: =EXP(-D98/100*C98) -> 0.28173369 | F98: =B98*E98 -> 28.243803 | G98: 78.092896 | H98: =(1/(1+$B$103/200))^G98 -> 0.27393606 | I98: =B98*H98 -> 27.46209 | J98: 39 | K98: 3.2463623 | L98: 39.5 | M98: 3.2241649 | N98: =IF(L98=J98,K98,K98+(M98-K98)*(C98-J98)/(L98-J98)) -> 3.2442656
A100: Curve dirty price = SUM(PV) | B100: =SUM(F20:F98) -> 38.476908
A101: Accrued interest | B101: =B12 -> 0.22677596
A102: Curve clean price | B102: =B100-B101 -> 38.250132
A103: Model yield (% , brentq in Python) | B103: 3.3438514
A104: Price at the model yield = SUM(PV at model yield) | B104: =SUM(I20:I98) -> 38.476908
A105: Check: price at model yield - curve dirty (≈ 0) | B105: =B104-B100 -> -3.9790393e-13
A106: M1 (bp) = 100·(AAY - model yield) | B106: =100*(B13-B103) -> 2.6794563
A107: Python M1 (bp), for comparison | B107: 2.6794563

Sheet A5 M1b
A1: A5: 0½% Treasury Gilt 2061, auction 04 Oct 2022 - M1b baseline, T-25 to T-6 (decision #4)
A3: k (business days) | B3: Date | C3: Market yield (%): DMO yield (from the DMO clean price before 25 Nov 2002) | D3: Model yield (%, curve of that day) | E3: Residual (bp) = 100·(DMO - model) | F3: Included (1/0) | G3: Excluded because
A4: -25 | B4: 44799 | D4: 2.6171994 | E4: =IF(F4=1,100*(C4-D4),"") | F4: 0 | G4: outside the reference-price data (1 Nov 1998 - 21 Jul 2017)
A5: -24 | B5: 44803 | D5: 2.7360748 | E5: =IF(F5=1,100*(C5-D5),"") | F5: 0 | G5: outside the reference-price data (1 Nov 1998 - 21 Jul 2017)
A6: -23 | B6: 44804 | D6: 2.8246005 | E6: =IF(F6=1,100*(C6-D6),"") | F6: 0 | G6: outside the reference-price data (1 Nov 1998 - 21 Jul 2017)
A7: -22 | B7: 44805 | D7: 2.9680389 | E7: =IF(F7=1,100*(C7-D7),"") | F7: 0 | G7: outside the reference-price data (1 Nov 1998 - 21 Jul 2017)
A8: -21 | B8: 44806 | D8: 3.0193295 | E8: =IF(F8=1,100*(C8-D8),"") | F8: 0 | G8: outside the reference-price data (1 Nov 1998 - 21 Jul 2017)
A9: -20 | B9: 44809 | D9: 2.9547818 | E9: =IF(F9=1,100*(C9-D9),"") | F9: 0 | G9: outside the reference-price data (1 Nov 1998 - 21 Jul 2017)
A10: -19 | B10: 44810 | D10: 3.1131738 | E10: =IF(F10=1,100*(C10-D10),"") | F10: 0 | G10: outside the reference-price data (1 Nov 1998 - 21 Jul 2017)
A11: -18 | B11: 44811 | D11: 3.1265509 | E11: =IF(F11=1,100*(C11-D11),"") | F11: 0 | G11: outside the reference-price data (1 Nov 1998 - 21 Jul 2017)
A12: -17 | B12: 44812 | D12: 3.2641296 | E12: =IF(F12=1,100*(C12-D12),"") | F12: 0 | G12: outside the reference-price data (1 Nov 1998 - 21 Jul 2017)
A13: -16 | B13: 44813 | D13: 3.2617347 | E13: =IF(F13=1,100*(C13-D13),"") | F13: 0 | G13: outside the reference-price data (1 Nov 1998 - 21 Jul 2017)
A14: -15 | B14: 44816 | D14: 3.1911935 | E14: =IF(F14=1,100*(C14-D14),"") | F14: 0 | G14: outside the reference-price data (1 Nov 1998 - 21 Jul 2017)
A15: -14 | B15: 44817 | D15: 3.2155088 | E15: =IF(F15=1,100*(C15-D15),"") | F15: 0 | G15: outside the reference-price data (1 Nov 1998 - 21 Jul 2017)
... A23: -6 | B23: 44830 | D23: 4.1141818 | E23: =IF(F23=1,100*(C23-D23),"") | F23: 0 | G23: outside the reference-price data (1 Nov 1998 - 21 Jul 2017)
A25: Valid days (need ≥ 10) | B25: =SUM(F4:F23) -> 0
A26: Baseline = mean residual (bp) | B26: =IF(B25>=10,AVERAGEIF(F4:F23,1,E4:E23),"n/a") -> n/a
A27: M1 (bp), from the M1 sheet | B27: ='A5 M1'!B106 -> 2.6794563
A28: M1b (bp) = M1 - baseline | B28: =IF(B25>=10,B27-B26,"n/a") -> n/a
A29: Python M1b (bp), for comparison
A30: Python note | B30: outside the reference-price data

Sheet A5 control
A1: A5: control maturities = BoE points 2-30y more than 3y from the gilt's 39.05y to maturity (57 points). Top: z (%); bottom: daily change (bp).
A3: k | B3: Date | C3: z 2y | D3: z 2.5y | E3: z 3y | F3: z 3.5y | G3: z 4y | H3: z 4.5y | I3: z 5y | J3: z 5.5y | K3: z 6y | L3: z 6.5y | M3: z 7y | N3: z 7.5y | O3: z 8y | P3: z 8.5y | Q3: z 9y | R3: z 9.5y | S3: z 10y | T3: z 10.5y | U3: z 11y | V3: z 11.5y | W3: z 12y | X3: z 12.5y | Y3: z 13y | Z3: z 13.5y | AA3: z 14y | AB3: z 14.5y | AC3: z 15y | AD3: z 15.5y | AE3: z 16y | AF3: z 16.5y | AG3: z 17y | AH3: z 17.5y | AI3: z 18y | AJ3: z 18.5y | AK3: z 19y | AL3: z 19.5y | AM3: z 20y | AN3: z 20.5y | AO3: z 21y | AP3: z 21.5y | AQ3: z 22y | AR3: z 22.5y | AS3: z 23y | AT3: z 23.5y | AU3: z 24y | AV3: z 24.5y | AW3: z 25y | AX3: z 25.5y | AY3: z 26y | AZ3: z 26.5y | BA3: z 27y | BB3: z 27.5y | BC3: z 28y | BD3: z 28.5y | BE3: z 29y | BF3: z 29.5y | BG3: z 30y
A4: -121 | B4: 44658 | C4: 1.4796225 | D4: 1.5007825 | E4: 1.5094611 | F4: 1.5139843 | G4: 1.5183685 | H4: 1.5244559 | I4: 1.5330221 | J4: 1.5443249 | K4: 1.5583523 | L4: 1.574933 | M4: 1.5937946 | N4: 1.6145939 | O4: 1.6369437 | P4: 1.6604291 | Q4: 1.6846178 | R4: 1.7090722 | S4: 1.7333712 | T4: 1.7571304 | U4: 1.7800078 | V4: 1.80173 | W4: 1.8220873 | X4: 1.840921 | Y4: 1.8581157 | Z4: 1.8736094 | AA4: 1.8873964 | AB4: 1.8995181 | AC4: 1.9100427 | AD4: 1.9190504 | AE4: 1.9266311 | AF4: 1.9328828 | AG4: 1.9379105 | AH4: 1.9418138 | AI4: 1.9446791 | AJ4: 1.9465845 | AK4: 1.9475996 | AL4: 1.9477859 | AM4: 1.9471972 | AN4: 1.9458806 | AO4: 1.943877 | AP4: 1.9412224 | AQ4: 1.9379488 | AR4: 1.934085 | AS4: 1.9296569 | AT4: 1.9246889 | AU4: 1.9192038 | AV4: 1.913224 | AW4: 1.9067723 | AX4: 1.8998722 | AY4: 1.8925489 | AZ4: 1.884829 | BA4: 1.8767403 | BB4: 1.8683123 | BC4: 1.8595759 | BD4: 1.8505641 | BE4: 1.8413114 | BF4: 1.8318537 | BG4: 1.8222282
A5: -120 | B5: 44659 | C5: 1.4923833 | D5: 1.5147024 | E5: 1.5243493 | F5: 1.5297468 | G5: 1.5349723 | H5: 1.5419065 | I5: 1.5513499 | J5: 1.5635752 | K5: 1.578577 | L5: 1.596186 | M5: 1.616127 | N5: 1.6380514 | O5: 1.6615649 | P5: 1.6862445 | Q5: 1.7116492 | R5: 1.7373317 | S5: 1.7628609 | T5: 1.7878418 | U5: 1.8119213 | V5: 1.8348153 | W5: 1.8563037 | X5: 1.8762175 | Y5: 1.8944321 | Z5: 1.9108767 | AA5: 1.9255387 | AB5: 1.9384542 | AC5: 1.9496877 | AD5: 1.9593183 | AE5: 1.9674368 | AF5: 1.9741437 | AG5: 1.9795479 | AH5: 1.9837543 | AI5: 1.9868561 | AJ5: 1.988939 | AK5: 1.9900803 | AL5: 1.9903497 | AM5: 1.9898084 | AN5: 1.9885108 | AO5: 1.9865044 | AP5: 1.9838313 | AQ5: 1.9805288 | AR5: 1.9766308 | AS5: 1.9721677 | AT5: 1.9671677 | AU5: 1.9616572 | AV5: 1.9556617 | AW5: 1.9492062 | AX5: 1.9423164 | AY5: 1.9350189 | AZ5: 1.9273411 | BA5: 1.9193114 | BB5: 1.9109592 | BC5: 1.9023153 | BD5: 1.8934119 | BE5: 1.8842824 | BF5: 1.8749616 | BG5: 1.865485
A6: -119 | B6: 44662 | C6: 1.5549253 | D6: 1.5801646 | E6: 1.591355 | F6: 1.5978366 | G6: 1.6040703 | H6: 1.6120874 | I6: 1.6227325 | J6: 1.6362719 | K6: 1.6526669 | L6: 1.6717032 | M6: 1.6930574 | N6: 1.7163337 | O6: 1.7410956 | P6: 1.7668858 | Q6: 1.7932379 | R6: 1.8196901 | S6: 1.8458056 | T6: 1.8711919 | U6: 1.8955051 | V6: 1.9184738 | W6: 1.939893 | X6: 1.9596107 | Y6: 1.9775204 | Z6: 1.9935694 | AA6: 2.0077616 | AB6: 2.0201487 | AC6: 2.0308086 | AD6: 2.0398321 | AE6: 2.0473203 | AF6: 2.0533828 | AG6: 2.0581365 | AH6: 2.0616929 | AI6: 2.064151 | AJ6: 2.0656011 | AK6: 2.066125 | AL6: 2.0657959 | AM6: 2.0646787 | AN6: 2.062831 | AO6: 2.0603036 | AP6: 2.057142 | AQ6: 2.0533871 | AR6: 2.0490757 | AS6: 2.0442416 | AT6: 2.0389159 | AU6: 2.0331274 | AV6: 2.0269036 | AW6: 2.0202711 | AX6: 2.0132562 | AY6: 2.0058856 | AZ6: 1.9981858 | BA6: 1.9901838 | BB6: 1.9819066 | BC6: 1.9733819 | BD6: 1.9646383 | BE6: 1.9557051 | BF6: 1.9466123 | BG6: 1.9373903
A7: -118 | B7: 44663 | C7: 1.5081272 | D7: 1.5340482 | E7: 1.5458032 | F7: 1.5525849 | G7: 1.5588954 | H7: 1.5668488 | I7: 1.5773719 | J7: 1.5908011 | K7: 1.6071518 | L7: 1.6262477 | M7: 1.6477871 | N7: 1.6713826 | O7: 1.6965944 | P7: 1.7229546 | Q7: 1.7499822 | R7: 1.7771979 | S7: 1.8041467 | T7: 1.8304181 | U7: 1.8556513 | V7: 1.8795599 | W7: 1.9019245 | X7: 1.9225801 | Y7: 1.9414075 | Z7: 1.9583431 | AA7: 1.9733808 | AB7: 1.9865638 | AC7: 1.9979633 | AD7: 2.0076655 | AE7: 2.0157682 | AF7: 2.0223794 | AG7: 2.0276154 | AH7: 2.0315882 | AI7: 2.0343987 | AJ7: 2.0361401 | AK7: 2.0368976 | AL7: 2.0367489 | AM7: 2.0357638 | AN7: 2.0340049 | AO7: 2.0315287 | AP7: 2.028386 | AQ7: 2.0246229 | AR7: 2.0202816 | AS7: 2.0154008 | AT7: 2.010016 | AU7: 2.00416 | AV7: 1.9978635 | AW7: 1.9911557 | AX7: 1.984065 | AY7: 1.9766193 | AZ7: 1.9688462 | BA7: 1.9607728 | BB7: 1.9524263 | BC7: 1.9438341 | BD7: 1.9350242 | BE7: 1.9260252 | BF7: 1.9168665 | BG7: 1.9075779
A8: -117 | B8: 44664 | C8: 1.4973218 | D8: 1.523746 | E8: 1.5361915 | F8: 1.5437742 | G8: 1.5509858 | H8: 1.559936 | I8: 1.5715432 | J8: 1.5861319 | K8: 1.6036997 | L8: 1.624048 | M8: 1.6468513 | N8: 1.671699 | O8: 1.6981304 | P8: 1.7256601 | Q8: 1.753793 | R8: 1.7820402 | S8: 1.8099407 | T8: 1.8370805 | U8: 1.8630979 | V8: 1.8877064 | W8: 1.9106873 | X8: 1.931876 | Y8: 1.9511545 | Z8: 1.9684605 | AA8: 1.983789 | AB8: 1.9971842 | AC8: 2.0087194 | AD8: 2.0184828 | AE8: 2.0265755 | AF8: 2.0331093 | AG8: 2.0382045 | AH8: 2.0419781 | AI8: 2.0445366 | AJ8: 2.0459793 | AK8: 2.0463981 | AL8: 2.0458774 | AM8: 2.0444944 | AN8: 2.0423187 | AO8: 2.0394137 | AP8: 2.0358368 | AQ8: 2.0316405 | AR8: 2.0268729 | AS8: 2.0215777 | AT8: 2.0157953 | AU8: 2.0095626 | AV8: 2.0029138 | AW8: 1.9958808 | AX8: 1.9884945 | AY8: 1.9807842 | AZ8: 1.9727785 | BA8: 1.9645048 | BB8: 1.9559901 | BC8: 1.9472612 | BD8: 1.9383448 | BE8: 1.9292682 | BF8: 1.9200588 | BG8: 1.9107443
A9: -116 | B9: 44665 | C9: 1.5475799 | D9: 1.5733457 | E9: 1.5861137 | F9: 1.594702 | G9: 1.6033639 | H9: 1.6140465 | I9: 1.6275519 | J9: 1.6441251 | K9: 1.6637032 | L9: 1.6860421 | M9: 1.7107847 | N9: 1.7375019 | O9: 1.765723 | P9: 1.7949593 | Q9: 1.8247171 | R9: 1.8545089 | S9: 1.8838767 | T9: 1.9124084 | U9: 1.9397435 | V9: 1.9655961 | W9: 1.9897464 | X9: 2.0120275 | Y9: 2.0323186 | Z9: 2.0505551 | AA9: 2.0667307 | AB9: 2.080889 | AC9: 2.093103 | AD9: 2.1034626 | AE9: 2.112072 | AF9: 2.1190469 | AG9: 2.1245128 | AH9: 2.1285922 | AI9: 2.1313985 | AJ9: 2.1330377 | AK9: 2.1336086 | AL9: 2.1332027 | AM9: 2.1319032 | AN9: 2.1297857 | AO9: 2.126919 | AP9: 2.1233652 | AQ9: 2.1191813 | AR9: 2.1144197 | AS9: 2.1091285 | AT9: 2.1033522 | AU9: 2.0971321 | AV9: 2.0905067 | AW9: 2.0835125 | AX9: 2.0761843 | AY9: 2.0685556 | AZ9: 2.0606584 | BA9: 2.0525233 | BB9: 2.0441799 | BC9: 2.0356567 | BD9: 2.0269818 | BE9: 2.0181826 | BF9: 2.0092861 | BG9: 2.000319
A10: -115 | B10: 44670 | C10: 1.605331 | D10: 1.6374935 | E10: 1.6556564 | F10: 1.6689276 | G10: 1.6817525 | H10: 1.6961984 | I10: 1.7131375 | J10: 1.7328528 | K10: 1.7553013 | L10: 1.7802472 | M10: 1.8073373 | N10: 1.8361455 | O10: 1.8662061 | P10: 1.8970379 | Q10: 1.9281578 | R10: 1.9590922 | S10: 1.9894004 | T10: 2.0186899 | U10: 2.0466227 | V10: 2.0729348 | W10: 2.0974273 | X10: 2.1199532 | Y10: 2.1404111 | Z10: 2.1587528 | AA10: 2.1749859 | AB10: 2.1891643 | AC10: 2.2013692 | AD10: 2.2116966 | AE10: 2.2202546 | AF10: 2.2271618 | AG10: 2.2325451 | AH10: 2.2365275 | AI10: 2.239222 | AJ10: 2.2407338 | AK10: 2.2411605 | AL10: 2.2405921 | AM10: 2.2391103 | AN10: 2.2367896 | AO10: 2.2336974 | AP10: 2.2298958 | AQ10: 2.2254421 | AR10: 2.2203896 | AS10: 2.2147885 | AT10: 2.208686 | AU10: 2.2021271 | AV10: 2.1951542 | AW10: 2.1878082 | AX10: 2.1801285 | AY10: 2.172153 | AZ10: 2.1639181 | BA10: 2.1554583 | BB10: 2.1468065 | BC10: 2.137994 | BD10: 2.1290512 | BE10: 2.1200068 | BF10: 2.110889 | BG10: 2.1017246
A11: -114 | B11: 44671 | C11: 1.5819233 | D11: 1.6115239 | E11: 1.6267258 | F11: 1.6366058 | G11: 1.6457252 | H11: 1.6562925 | I11: 1.6693107 | J11: 1.6851708 | K11: 1.7039145 | L11: 1.7253662 | M11: 1.7492112 | N11: 1.7750454 | O11: 1.8024118 | P11: 1.8308288 | Q11: 1.859805 | R11: 1.8888534 | S11: 1.9175159 | T11: 1.9453807 | U11: 1.97209 | V11: 1.9973613 | W11: 2.0209785 | X11: 2.0427788 | Y11: 2.0626454 | Z11: 2.0805174 | AA11: 2.0963913 | AB11: 2.1103114 | AC11: 2.1223495 | AD11: 2.132592 | AE11: 2.1411375 | AF11: 2.1480951 | AG11: 2.1535819 | AH11: 2.157711 | AI11: 2.1605846 | AJ11: 2.1622979 | AK11: 2.1629387 | AL11: 2.1625879 | AM11: 2.1613192 | AN11: 2.1591996 | AO11: 2.1562904 | AP11: 2.1526481 | AQ11: 2.1483254 | AR11: 2.1433719 | AS11: 2.137835 | AT11: 2.1317601 | AU11: 2.1251906 | AV11: 2.1181687 | AW11: 2.1107352 | AX11: 2.1029302 | AY11: 2.0947927 | AZ11: 2.0863605 | BA11: 2.0776696 | BB11: 2.0687549 | BC11: 2.0596498 | BD11: 2.0503867 | BE11: 2.0409968 | BF11: 2.0315105 | BG11: 2.0219573
A12: -113 | B12: 44672 | C12: 1.723915 | D12: 1.7491843 | E12: 1.759486 | F12: 1.7643602 | G12: 1.7684709 | H12: 1.7740299 | I12: 1.7820289 | J12: 1.7928537 | K12: 1.80655 | L12: 1.8229533 | M12: 1.8417641 | N12: 1.8625948 | O12: 1.8850083 | P12: 1.9085439 | Q12: 1.9327319 | R12: 1.9571067 | S12: 1.9812302 | T12: 2.0047097 | U12: 2.0272048 | V12: 2.0484492 | W12: 2.0682416 | X12: 2.0864334 | Y12: 2.1029209 | Z12: 2.1176551 | AA12: 2.1306421 | AB12: 2.141933 | AC12: 2.1516012 | AD12: 2.1597306 | AE12: 2.1664131 | AF12: 2.1717477 | AG12: 2.1758386 | AH12: 2.1787828 | AI12: 2.1806638 | AJ12: 2.1815569 | AK12: 2.1815288 | AL12: 2.1806393 | AM12: 2.1789411 | AN12: 2.1764817 | AO12: 2.1733037 | AP12: 2.1694461 | AQ12: 2.1649456 | AR12: 2.1598371 | AS12: 2.1541544 | AT12: 2.1479308 | AU12: 2.1411994 | AV12: 2.1339931 | AW12: 2.1263452 | AX12: 2.11829 | AY12: 2.1098619 | AZ12: 2.1010956 | BA12: 2.0920255 | BB12: 2.0826858 | BC12: 2.0731104 | BD12: 2.0633331 | BE12: 2.0533876 | BF12: 2.0433075 | BG12: 2.0331261
A13: -112 | B13: 44673 | C13: 1.7106663 | D13: 1.7346568 | E13: 1.7444911 | F13: 1.7492135 | G13: 1.7532423 | H13: 1.7586627 | I13: 1.7664009 | J13: 1.7768042 | K13: 1.7898987 | L13: 1.8055121 | M13: 1.8233451 | N13: 1.8430171 | O13: 1.8641041 | P13: 1.8861629 | Q13: 1.9087443 | R13: 1.931406 | S13: 1.9537354 | T13: 1.9753669 | U13: 1.9959877 | V13: 2.0153573 | W13: 2.0332989 | X13: 2.0496861 | Y13: 2.0644363 | Z13: 2.0775187 | AA13: 2.0889539 | AB13: 2.0988036 | AC13: 2.1071481 | AD13: 2.1140742 | AE13: 2.1196738 | AF13: 2.1240432 | AG13: 2.1272815 | AH13: 2.1294782 | AI13: 2.1307078 | AJ13: 2.1310348 | AK13: 2.1305148 | AL13: 2.1291957 | AM13: 2.127119 | AN13: 2.1243208 | AO13: 2.1208331 | AP13: 2.116685 | AQ13: 2.111904 | AR13: 2.1065165 | AS13: 2.1005491 | AT13: 2.0940286 | AU13: 2.086983 | AV13: 2.079441 | AW13: 2.0714329 | AX13: 2.0629907 | AY13: 2.0541477 | AZ13: 2.0449379 | BA13: 2.0353956 | BB13: 2.0255558 | BC13: 2.0154533 | BD13: 2.0051236 | BE13: 1.9946024 | BF13: 1.9839256 | BG13: 1.9731297
A14: -111 | B14: 44676 | C14: 1.5628664 | D14: 1.5886008 | E14: 1.6017934 | F14: 1.6103289 | G14: 1.6181421 | H14: 1.6271075 | I14: 1.638066 | J14: 1.6513442 | K14: 1.6669864 | L14: 1.6848635 | M14: 1.7047346 | N14: 1.7262845 | O14: 1.7491533 | P14: 1.7729529 | Q14: 1.7972776 | R14: 1.8217162 | S14: 1.8458739 | T14: 1.8693913 | U14: 1.8919512 | V14: 1.9133025 | W14: 1.9332522 | X14: 1.9516542 | Y14: 1.9684037 | Z14: 1.9834468 | AA14: 1.996782 | AB14: 2.0084511 | AC14: 2.0185176 | AD14: 2.0270557 | AE14: 2.0341481 | AF14: 2.0398849 | AG14: 2.0443617 | AH14: 2.047667 | AI14: 2.0498777 | AJ14: 2.0510625 | AK14: 2.0512834 | AL14: 2.0505955 | AM14: 2.0490485 | AN14: 2.0466872 | AO14: 2.0435527 | AP14: 2.039683 | AQ14: 2.0351147 | AR14: 2.0298832 | AS14: 2.0240235 | AT14: 2.0175706 | AU14: 2.0105599 | AV14: 2.0030271 | AW14: 1.9950087 | AX14: 1.9865421 | AY14: 1.9776657 | AZ14: 1.9684175 | BA14: 1.9588358 | BB14: 1.9489582 | BC14: 1.9388224 | BD14: 1.9284654 | BE14: 1.9179246 | BF14: 1.9072367 | BG14: 1.8964386
A15: -110 | B15: 44677 | C15: 1.5027717 | D15: 1.5268285 | E15: 1.5401557 | F15: 1.549615 | G15: 1.5586734 | H15: 1.5689693 | I15: 1.58122 | J15: 1.5956883 | K15: 1.6123917 | L15: 1.631198 | M15: 1.6518769 | N15: 1.6741303 | O15: 1.6976169 | P15: 1.7219656 | Q15: 1.7467846 | R15: 1.7716735 | S15: 1.7962458 | T15: 1.8201474 | U15: 1.8430653 | V15: 1.8647511 | W15: 1.8850137 | X15: 1.9037081 | Y15: 1.9207296 | Z15: 1.9360245 | AA15: 1.949591 | AB15: 1.9614704 | AC15: 1.9717258 | AD15: 1.9804312 | AE15: 1.9876693 | AF15: 1.9935304 | AG15: 1.9981102 | AH15: 2.0014979 | AI15: 2.0037708 | AJ15: 2.0049984 | AK15: 2.0052432 | AL15: 2.0045612 | AM15: 2.0030027 | AN15: 2.000613 | AO15: 1.9974338 | AP15: 1.9935038 | AQ15: 1.9888602 | AR15: 1.9835391 | AS15: 1.9775765 | AT15: 1.9710083 | AU15: 1.9638705 | AV15: 1.9562 | AW15: 1.9480341 | AX15: 1.9394109 | AY15: 1.9303694 | AZ15: 1.9209483 | BA15: 1.9111862 | BB15: 1.9011215 | BC15: 1.890792 | BD15: 1.8802355 | BE15: 1.8694899 | BF15: 1.8585926 | BG15: 1.8475814
... A135: 10 | B135: 44852 | C135: 3.5498082 | D135: 3.6158521 | E135: 3.6686814 | F135: 3.7127128 | G135: 3.7496676 | H135: 3.7805736 | I135: 3.8063764 | J135: 3.8280711 | K135: 3.8467249 | L135: 3.8634357 | M135: 3.8792744 | N135: 3.8952121 | O135: 3.9120397 | P135: 3.9303348 | Q135: 3.9504603 | R135: 3.9725766 | S135: 3.9966776 | T135: 4.0226192 | U135: 4.050168 | V135: 4.0790258 | W135: 4.108843 | X135: 4.1392326 | Y135: 4.1697986 | Z135: 4.2001485 | AA135: 4.2298908 | AB135: 4.2586646 | AC135: 4.286153 | AD135: 4.3120772 | AE135: 4.3361903 | AF135: 4.3582738 | AG135: 4.3781531 | AH135: 4.3957043 | AI135: 4.4108442 | AJ135: 4.4235278 | AK135: 4.4337433 | AL135: 4.4415068 | AM135: 4.4468587 | AN135: 4.4498592 | AO135: 4.4505859 | AP135: 4.4491315 | AQ135: 4.4456017 | AR135: 4.440112 | AS135: 4.4327856 | AT135: 4.4237504 | AU135: 4.4131367 | AV135: 4.4010752 | AW135: 4.3876959 | AX135: 4.3731261 | AY135: 4.3574892 | AZ135: 4.3409034 | BA135: 4.323482 | BB135: 4.3053326 | BC135: 4.2865564 | BD135: 4.2672485 | BE135: 4.2474978 | BF135: 4.2273865 | BG135: 4.2069907
A138: k | B138: Date | C138: Δz 2y (bp) | D138: Δz 2.5y (bp) | E138: Δz 3y (bp) | F138: Δz 3.5y (bp) | G138: Δz 4y (bp) | H138: Δz 4.5y (bp) | I138: Δz 5y (bp) | J138: Δz 5.5y (bp) | K138: Δz 6y (bp) | L138: Δz 6.5y (bp) | M138: Δz 7y (bp) | N138: Δz 7.5y (bp) | O138: Δz 8y (bp) | P138: Δz 8.5y (bp) | Q138: Δz 9y (bp) | R138: Δz 9.5y (bp) | S138: Δz 10y (bp) | T138: Δz 10.5y (bp) | U138: Δz 11y (bp) | V138: Δz 11.5y (bp) | W138: Δz 12y (bp) | X138: Δz 12.5y (bp) | Y138: Δz 13y (bp) | Z138: Δz 13.5y (bp) | AA138: Δz 14y (bp) | AB138: Δz 14.5y (bp) | AC138: Δz 15y (bp) | AD138: Δz 15.5y (bp) | AE138: Δz 16y (bp) | AF138: Δz 16.5y (bp) | AG138: Δz 17y (bp) | AH138: Δz 17.5y (bp) | AI138: Δz 18y (bp) | AJ138: Δz 18.5y (bp) | AK138: Δz 19y (bp) | AL138: Δz 19.5y (bp) | AM138: Δz 20y (bp) | AN138: Δz 20.5y (bp) | AO138: Δz 21y (bp) | AP138: Δz 21.5y (bp) | AQ138: Δz 22y (bp) | AR138: Δz 22.5y (bp) | AS138: Δz 23y (bp) | AT138: Δz 23.5y (bp) | AU138: Δz 24y (bp) | AV138: Δz 24.5y (bp) | AW138: Δz 25y (bp) | AX138: Δz 25.5y (bp) | AY138: Δz 26y (bp) | AZ138: Δz 26.5y (bp) | BA138: Δz 27y (bp) | BB138: Δz 27.5y (bp) | BC138: Δz 28y (bp) | BD138: Δz 28.5y (bp) | BE138: Δz 29y (bp) | BF138: Δz 29.5y (bp) | BG138: Δz 30y (bp) | BH138: Control Δc = average (bp)
A139: =A5 -> -120 | B139: =B5 -> 44659 | C139: =100*(C5-C4) -> 1.2760818 | D139: =100*(D5-D4) -> 1.3919917 | E139: =100*(E5-E4) -> 1.4888204 | F139: =100*(F5-F4) -> 1.5762537 | G139: =100*(G5-G4) -> 1.6603797 | H139: =100*(H5-H4) -> 1.7450653 | I139: =100*(I5-I4) -> 1.832784 | J139: =100*(J5-J4) -> 1.9250361 | ... BG139: =100*(BG5-BG4) -> 4.3256745 | BH139: =AVERAGE(C139:BG139) -> 3.4700923
A140: =A6 -> -119 | B140: =B6 -> 44662 | C140: =100*(C6-C5) -> 6.2542013 | D140: =100*(D6-D5) -> 6.5462258 | E140: =100*(E6-E5) -> 6.7005678 | F140: =100*(F6-F5) -> 6.8089846 | G140: =100*(G6-G5) -> 6.9098025 | H140: =100*(H6-H5) -> 7.0180867 | I140: =100*(I6-I5) -> 7.138263 | J140: =100*(J6-J5) -> 7.2696699 | ... BG140: =100*(BG6-BG5) -> 7.1905327 | BH140: =AVERAGE(C140:BG140) -> 7.5426187
A141: =A7 -> -118 | B141: =B7 -> 44663 | C141: =100*(C7-C6) -> -4.6798146 | D141: =100*(D7-D6) -> -4.6116401 | E141: =100*(E7-E6) -> -4.5551751 | F141: =100*(F7-F6) -> -4.525176 | G141: =100*(G7-G6) -> -4.5174923 | H141: =100*(H7-H6) -> -4.5238619 | I141: =100*(I7-I6) -> -4.5360684 | J141: =100*(J7-J6) -> -4.5470883 | ... BG141: =100*(BG7-BG6) -> -2.9812382 | BH141: =AVERAGE(C141:BG141) -> -3.5338637
A142: =A8 -> -117 | B142: =B8 -> 44664 | C142: =100*(C8-C7) -> -1.0805341 | D142: =100*(D8-D7) -> -1.0302228 | E142: =100*(E8-E7) -> -0.96117333 | F142: =100*(F8-F7) -> -0.88106965 | G142: =100*(G8-G7) -> -0.79095711 | H142: =100*(H8-H7) -> -0.69128069 | I142: =100*(I8-I7) -> -0.58286534 | J142: =100*(J8-J7) -> -0.46691895 | ... BG142: =100*(BG8-BG7) -> 0.31663902 | BH142: =AVERAGE(C142:BG142) -> 0.42239476
A143: =A9 -> -116 | B143: =B9 -> 44665 | C143: =100*(C9-C8) -> 5.0258053 | D143: =100*(D9-D8) -> 4.9599639 | E143: =100*(E9-E8) -> 4.992226 | F143: =100*(F9-F8) -> 5.092785 | G143: =100*(G9-G8) -> 5.2378124 | H143: =100*(H9-H8) -> 5.4110517 | I143: =100*(I9-I8) -> 5.6008737 | J143: =100*(J9-J8) -> 5.7993199 | ... BG143: =100*(BG9-BG8) -> 8.9574664 | BH143: =AVERAGE(C143:BG143) -> 7.8166756
A144: =A10 -> -115 | B144: =B10 -> 44670 | C144: =100*(C10-C9) -> 5.7751129 | D144: =100*(D10-D9) -> 6.4147867 | E144: =100*(E10-E9) -> 6.9542697 | F144: =100*(F10-F9) -> 7.4225549 | G144: =100*(G10-G9) -> 7.8388624 | H144: =100*(H10-H9) -> 8.2151891 | I144: =100*(I10-I9) -> 8.5585551 | J144: =100*(J10-J9) -> 8.8727753 | ... BG144: =100*(BG10-BG9) -> 10.140563 | BH144: =AVERAGE(C144:BG144) -> 10.063277
A145: =A11 -> -114 | B145: =B11 -> 44671 | C145: =100*(C11-C10) -> -2.3407685 | D145: =100*(D11-D10) -> -2.5969617 | E145: =100*(E11-E10) -> -2.8930648 | F145: =100*(F11-F10) -> -3.2321825 | G145: =100*(G11-G10) -> -3.6027346 | H145: =100*(H11-H10) -> -3.9905869 | I145: =100*(I11-I10) -> -4.3826822 | J145: =100*(J11-J10) -> -4.7681978 | ... BG145: =100*(BG11-BG10) -> -7.9767333 | BH145: =AVERAGE(C145:BG145) -> -6.9369917
A146: =A12 -> -113 | B146: =B12 -> 44672 | C146: =100*(C12-C11) -> 14.199167 | D146: =100*(D12-D11) -> 13.766038 | E146: =100*(E12-E11) -> 13.276022 | F146: =100*(F12-F11) -> 12.775444 | G146: =100*(G12-G11) -> 12.27457 | H146: =100*(H12-H11) -> 11.773739 | I146: =100*(I12-I11) -> 11.271828 | J146: =100*(J12-J11) -> 10.768286 | ... BG146: =100*(BG12-BG11) -> 1.1168832 | BH146: =AVERAGE(C146:BG146) -> 4.7156007
A147: =A13 -> -112 | B147: =B13 -> 44673 | C147: =100*(C13-C12) -> -1.3248723 | D147: =100*(D13-D12) -> -1.4527516 | E147: =100*(E13-E12) -> -1.4994872 | F147: =100*(F13-F12) -> -1.514669 | G147: =100*(G13-G12) -> -1.5228623 | H147: =100*(H13-H12) -> -1.5367246 | I147: =100*(I13-I12) -> -1.562808 | J147: =100*(J13-J12) -> -1.6049547 | ... BG147: =100*(BG13-BG12) -> -5.9996371 | BH147: =AVERAGE(C147:BG147) -> -4.0150985
A148: =A14 -> -111 | B148: =B14 -> 44676 | C148: =100*(C14-C13) -> -14.77999 | D148: =100*(D14-D13) -> -14.605602 | E148: =100*(E14-E13) -> -14.269769 | F148: =100*(F14-F13) -> -13.888457 | G148: =100*(G14-G13) -> -13.510016 | H148: =100*(H14-H13) -> -13.155519 | I148: =100*(I14-I13) -> -12.833485 | J148: =100*(J14-J13) -> -12.545994 | ... BG148: =100*(BG14-BG13) -> -7.6691113 | BH148: =AVERAGE(C148:BG148) -> -9.5702682
A149: =A15 -> -110 | B149: =B15 -> 44677 | C149: =100*(C15-C14) -> -6.0094641 | D149: =100*(D15-D14) -> -6.1772248 | E149: =100*(E15-E14) -> -6.1637775 | F149: =100*(F15-F14) -> -6.0713961 | G149: =100*(G15-G14) -> -5.9468754 | H149: =100*(H15-H14) -> -5.8138198 | I149: =100*(I15-I14) -> -5.6846035 | J149: =100*(J15-J14) -> -5.5655944 | ... BG149: =100*(BG15-BG14) -> -4.885726 | BH149: =AVERAGE(C149:BG149) -> -4.9569005
A150: =A16 -> -109 | B150: =B16 -> 44678 | C150: =100*(C16-C15) -> 0.19672491 | D150: =100*(D16-D15) -> -0.028866399 | E150: =100*(E16-E15) -> -0.029059657 | F150: =100*(F16-F15) -> 0.10442413 | G150: =100*(G16-G15) -> 0.3131407 | H150: =100*(H16-H15) -> 0.55947323 | I150: =100*(I16-I15) -> 0.81940164 | J150: =100*(J16-J15) -> 1.0776323 | ... BG150: =100*(BG16-BG15) -> 4.442924 | BH150: =AVERAGE(C150:BG150) -> 3.0648157
... A269: =A135 -> 10 | B269: =B135 -> 44852 | C269: =100*(C135-C134) -> -7.2839294 | D269: =100*(D135-D134) -> -7.6712435 | E269: =100*(E135-E134) -> -7.7579625 | F269: =100*(F135-F134) -> -7.6944714 | G269: =100*(G135-G134) -> -7.5596138 | H269: =100*(H135-H134) -> -7.3964652 | I269: =100*(I135-I134) -> -7.2300989 | J269: =100*(J135-J134) -> -7.0759321 | ... BG269: =100*(BG135-BG134) -> -13.104529 | BH269: =AVERAGE(C269:BG269) -> -9.5387692

Sheet A5 M2
A1: A5: 0½% Treasury Gilt 2061, auction 04 Oct 2022 - M2 with control B-β (decision #13)
A3: k | B3: Date | C3: Model yield y (%) | D3: Δy (bp) | E3: Δc (bp), from control sheet | F3: In β window (1/0) | G3: AR B-β = Δy - β·Δc | H3: CAR B-β (base T-6) | I3: AR B (β = 1) | J3: CAR B | K3: Raw cumulative Δy
A4: -121 | B4: 44658 | C4: 1.6778471 | F4: 0
A5: -120 | B5: 44659 | C5: 1.7239464 | D5: =100*(C5-C4) -> 4.6099346 | E5: ='A5 control'!BH139 -> 3.4700923 | F5: 1
A6: -119 | B6: 44662 | C6: 1.8006627 | D6: =100*(C6-C5) -> 7.6716299 | E6: ='A5 control'!BH140 -> 7.5426187 | F6: 1
A7: -118 | B7: 44663 | C7: 1.7690915 | D7: =100*(C7-C6) -> -3.1571189 | E7: ='A5 control'!BH141 -> -3.5338637 | F7: 1
A8: -117 | B8: 44664 | C8: 1.7737422 | D8: =100*(C8-C7) -> 0.46506909 | E8: ='A5 control'!BH142 -> 0.42239476 | F8: 1
A9: -116 | B9: 44665 | C9: 1.8716502 | D9: =100*(C9-C8) -> 9.7907948 | E9: ='A5 control'!BH143 -> 7.8166756 | F9: 1
A10: -115 | B10: 44670 | C10: 1.9737331 | D10: =100*(C10-C9) -> 10.20829 | E10: ='A5 control'!BH144 -> 10.063277 | F10: 1
A11: -114 | B11: 44671 | C11: 1.8863891 | D11: =100*(C11-C10) -> -8.7343982 | E11: ='A5 control'!BH145 -> -6.9369917 | F11: 1
A12: -113 | B12: 44672 | C12: 1.888128 | D12: =100*(C12-C11) -> 0.17389228 | E12: ='A5 control'!BH146 -> 4.7156007 | F12: 1
A13: -112 | B13: 44673 | C13: 1.8189524 | D13: =100*(C13-C12) -> -6.9175612 | E13: ='A5 control'!BH147 -> -4.0150985 | F13: 1
A14: -111 | B14: 44676 | C14: 1.7415059 | D14: =100*(C14-C13) -> -7.7446543 | E14: ='A5 control'!BH148 -> -9.5702682 | F14: 1
A15: -110 | B15: 44677 | C15: 1.6885609 | D15: =100*(C15-C14) -> -5.2945004 | E15: ='A5 control'!BH149 -> -4.9569005 | F15: 1
A16: -109 | B16: 44678 | C16: 1.7405688 | D16: =100*(C16-C15) -> 5.2007954 | E16: ='A5 control'!BH150 -> 3.0648157 | F16: 1
... A114: -11 | B114: 44820 | C114: 3.2100844 | D114: =100*(C114-C113) -> 0.52457331 | E114: ='A5 control'!BH248 -> 1.7510989 | F114: 0
A115: -10 | B115: 44824 | C115: 3.3225405 | D115: =100*(C115-C114) -> 11.245611 | E115: ='A5 control'!BH249 -> 12.571665 | F115: 0 | G115: =D115-$B$137*E115 -> -0.82095296 | H115: =H116-G116 -> 3.756566 | I115: =D115-E115 -> -1.3260542 | J115: =J116-I116 -> 7.2275912 | K115: =K116-D116 -> -79.164135
A116: -9 | B116: 44825 | C116: 3.3152021 | D116: =100*(C116-C115) -> -0.73383528 | E116: ='A5 control'!BH250 -> 2.625615 | F116: 0 | G116: =D116-$B$137*E116 -> -3.253959 | H116: =H117-G117 -> 0.50260696 | I116: =D116-E116 -> -3.3594503 | J116: =J117-I117 -> 3.8681409 | K116: =K117-D117 -> -79.89797
A117: -8 | B117: 44826 | C117: 3.4976187 | D117: =100*(C117-C116) -> 18.241656 | E117: ='A5 control'!BH251 -> 17.751456 | F117: 0 | G117: =D117-$B$137*E117 -> 1.2034135 | H117: =H118-G118 -> 1.7060205 | I117: =D117-E117 -> 0.49019995 | J117: =J118-I118 -> 4.3583408 | K117: =K118-D118 -> -61.656314
A118: -7 | B118: 44827 | C118: 3.7162763 | D118: =100*(C118-C117) -> 21.865759 | E118: ='A5 control'!BH252 -> 27.973041 | F118: 0 | G118: =D118-$B$137*E118 -> -4.9833883 | H118: =H119-G119 -> -3.2773678 | I118: =D118-E118 -> -6.1072821 | J118: =J119-I119 -> -1.7489413 | K118: =K119-D119 -> -39.790555
A119: -6 | B119: 44830 | C119: 4.1141818 | D119: =100*(C119-C118) -> 39.790555 | E119: ='A5 control'!BH253 -> 38.041614 | F119: 0 | G119: =D119-$B$137*E119 -> 3.2773678 | H119: 0 | I119: =D119-E119 -> 1.7489413 | J119: 0 | K119: 0
A120: -5 | B120: 44831 | C120: 4.623271 | D120: =100*(C120-C119) -> 50.908918 | E120: ='A5 control'!BH254 -> 32.918839 | F120: 0 | G120: =D120-$B$137*E120 -> 19.312683 | H120: =H119+G120 -> 19.312683 | I120: =D120-E120 -> 17.990078 | J120: =J119+I120 -> 17.990078 | K120: =K119+D120 -> 50.908918
A121: -4 | B121: 44832 | C121: 3.5024723 | D121: =100*(C121-C120) -> -112.07988 | E121: ='A5 control'!BH255 -> -66.717583 | F121: 0 | G121: =D121-$B$137*E121 -> -48.042856 | H121: =H120+G121 -> -28.730173 | I121: =D121-E121 -> -45.362293 | J121: =J120+I121 -> -27.372215 | K121: =K120+D121 -> -61.170959
A122: -3 | B122: 44833 | C122: 3.4080485 | D122: =100*(C122-C121) -> -9.4423774 | E122: ='A5 control'!BH256 -> 4.3361746 | F122: 0 | G122: =D122-$B$137*E122 -> -13.604334 | H122: =H121+G122 -> -42.334507 | I122: =D122-E122 -> -13.778552 | J122: =J121+I122 -> -41.150767 | K122: =K121+D122 -> -70.613336
A123: -2 | B123: 44834 | C123: 3.2268932 | D123: =100*(C123-C122) -> -18.115531 | E123: ='A5 control'!BH257 -> -7.5151639 | F123: 0 | G123: =D123-$B$137*E123 -> -10.90231 | H123: =H122+G123 -> -53.236817 | I123: =D123-E123 -> -10.600368 | J123: =J122+I123 -> -51.751135 | K123: =K122+D123 -> -88.728868
A124: -1 | B124: 44837 | C124: 3.3437423 | D124: =100*(C124-C123) -> 11.684911 | E124: ='A5 control'!BH258 -> -2.1446092 | F124: 0 | G124: =D124-$B$137*E124 -> 13.743355 | H124: =H123+G124 -> -39.493462 | I124: =D124-E124 -> 13.82952 | J124: =J123+I124 -> -37.921614 | K124: =K123+D124 -> -77.043957
A125: 0 | B125: 44838 | C125: 3.561008 | D125: =100*(C125-C124) -> 21.726576 | E125: ='A5 control'!BH259 -> 3.5977792 | F125: 0 | G125: =D125-$B$137*E125 -> 18.273347 | H125: =H124+G125 -> -21.220115 | I125: =D125-E125 -> 18.128797 | J125: =J124+I125 -> -19.792818 | K125: =K124+D125 -> -55.317381
A126: 1 | B126: 44839 | C126: 3.8048237 | D126: =100*(C126-C125) -> 24.381565 | E126: ='A5 control'!BH260 -> 16.70766 | F126: 0 | G126: =D126-$B$137*E126 -> 8.3451812 | H126: =H125+G126 -> -12.874933 | I126: =D126-E126 -> 7.673905 | J126: =J125+I126 -> -12.118913 | K126: =K125+D126 -> -30.935815
A127: 2 | B127: 44840 | C127: 3.961614 | D127: =100*(C127-C126) -> 15.679035 | E127: ='A5 control'!BH261 -> 14.81293 | F127: 0 | G127: =D127-$B$137*E127 -> 1.4612543 | H127: =H126+G127 -> -11.413679 | I127: =D127-E127 -> 0.86610412 | J127: =J126+I127 -> -11.252809 | K127: =K126+D127 -> -15.256781
A128: 3 | B128: 44841 | C128: 4.0134634 | D128: =100*(C128-C127) -> 5.1849381 | E128: ='A5 control'!BH262 -> 8.0772265 | F128: 0 | G128: =D128-$B$137*E128 -> -2.5677637 | H128: =H127+G128 -> -13.981443 | I128: =D128-E128 -> -2.8922885 | J128: =J127+I128 -> -14.145097 | K128: =K127+D128 -> -10.071843
A129: 4 | B129: 44844 | C129: 4.3380182 | D129: =100*(C129-C128) -> 32.455477 | E129: ='A5 control'!BH263 -> 29.680838 | F129: 0 | G129: =D129-$B$137*E129 -> 3.9671488 | H129: =H128+G129 -> -10.014294 | I129: =D129-E129 -> 2.7746395 | J129: =J128+I129 -> -11.370457 | K129: =K128+D129 -> 22.383634
A130: 5 | B130: 44845 | C130: 4.3818783 | D130: =100*(C130-C129) -> 4.3860143 | E130: ='A5 control'!BH264 -> -0.23149681 | F130: 0 | G130: =D130-$B$137*E130 -> 4.6082101 | H130: =H129+G130 -> -5.4060838 | I130: =D130-E130 -> 4.6175111 | J130: =J129+I130 -> -6.7529463 | K130: =K129+D130 -> 26.769649
A131: 6 | B131: 44846 | C131: 4.4702564 | D131: =100*(C131-C130) -> 8.837805 | E131: ='A5 control'!BH265 -> 5.2562741 | F131: 0 | G131: =D131-$B$137*E131 -> 3.7927162 | H131: =H130+G131 -> -1.6133676 | I131: =D131-E131 -> 3.5815309 | J131: =J130+I131 -> -3.1714153 | K131: =K130+D131 -> 35.607454
... A135: 10 | B135: 44852 | C135: 3.9331521 | D135: =100*(C135-C134) -> -14.84969 | E135: ='A5 control'!BH269 -> -9.5387692 | F135: 0 | G135: =D135-$B$137*E135 -> -5.6941673 | H135: =H134+G135 -> 0.73267974 | I135: =D135-E135 -> -5.310921 | J135: =J134+I135 -> 1.5211323 | K135: =K134+D135 -> -18.102976
A137: β = SLOPE(Δy, Δc) over k = -120..-21 | B137: =SLOPE(D5:D104,E5:E104) -> 0.95982225
A138: α (estimated, not subtracted) | B138: =INTERCEPT(D5:D104,E5:E104) -> 0.031918697
A139: R² | B139: =RSQ(D5:D104,E5:E104) -> 0.90554193
A140: Observations | B140: =COUNT(D5:D104) -> 100
A141: Python β, for comparison | B141: 0.95982225
A143: The PM's three numbers (bp) | B143: B-β (main) | C143: B (β = 1) | D143: Raw (no control) | E143: Python B-β
A144: Pre-auction cheapening, CAR(T-1) - CAR(T-6) | B144: =H124-H119 -> -39.493462 | C144: =J124-J119 -> -37.921614 | D144: =K124-K119 -> -77.043957 | E144: -39.493462
A145: Auction day, CAR(T) - CAR(T-1) | B145: =H125-H124 -> 18.273347 | C145: =J125-J124 -> 18.128797 | D145: =K125-K124 -> 21.726576 | E145: 18.273347
A146: Post-auction, CAR(T+5) - CAR(T) | B146: =H130-H125 -> 15.814031 | C146: =J130-J125 -> 13.039871 | D146: =K130-K125 -> 82.08703 | E146: 15.814031
